Name,Team,G,PA,HR,R,RBI,SB,BB%,K%,ISO,BABIP,AVG,OBP,SLG,wOBA,xwOBA,wRC+,BsR,Off,Def,WAR,NameASCII,PlayerId,MLBAMID
"Mookie Betts","LAD",47,218,8,40,29,8,0.151376146,0.096330275,0.221621622,0.352564102,0.34054054,0.440366972,0.562162162,0.43654888321500307,0.403,188.27322169499453,0.9286908293142915,23.15429190529364,-0.4863400459289551,3.129800958157926,"Mookie Betts",13611,605141
"Shohei Ohtani","LAD",45,205,13,36,32,11,0.112195121,0.195121951,0.318435754,0.3984375,0.357541899,0.426470588,0.675977653,0.4685385282717499,0.492,209.99500664963938,1.2317705363966525,27.27500227998781,-4.861110687255859,3.057927360496335,"Shohei Ohtani",19755,660271
"William Contreras","MIL",44,200,6,39,34,3,0.115,0.185,0.190751445,0.416666666,0.352601156,0.43,0.543352601,0.42260883231857915,0.386,176.17094256289613,-1.8557797870598733,15.739143169468171,1.846531867980957,2.535703108916428,"William Contreras",20503,661388
"Alec Bohm","PHI",45,189,4,22,37,2,0.084656084,0.148148148,0.189349113,0.376811594,0.331360946,0.396825396,0.520710059,0.39897378232884917,0.366,159.81831503795723,-0.47249086992815137,12.585129077657337,2.0902271792292595,2.1930848960869165,"Alec Bohm",21618,664761
"Elly De La Cruz","CIN",45,184,9,35,22,30,0.119565217,0.309782608,0.232704403,0.365591397,0.270440251,0.369565217,0.503144654,0.3829055247099503,0.361,144.27124535243053,3.6046689031645656,13.01289197301275,0.3308734893798828,2.036437800622105,"Elly De La Cruz",26668,682829
"Ketel Marte","ARI",44,197,9,30,24,1,0.071065989,0.203045685,0.231638418,0.315789473,0.288135593,0.33502538,0.519774011,0.3626797639406644,0.359,135.47849255274627,0.1224190378561616,8.194758728617062,3.8177252113819122,1.9425616777382715,"Ketel Marte",13613,606466
"Will Smith","LAD",39,172,4,25,30,0,0.098837209,0.15116279,0.161073826,0.349593495,0.315436241,0.38372093,0.476510067,0.37000369778751624,0.373,143.08734341911259,-1.1607091748155653,7.398747720730789,4.979849576950073,1.8937023489038636,"Will Smith",19197,669257
"Jurickson Profar","SDP",47,182,7,25,30,3,0.126373626,0.142857142,0.184713376,0.352,0.324840764,0.412087912,0.50955414,0.40497143255485285,0.369,169.70422787620475,-0.25024036318063736,14.401815065622692,-3.2669020891189575,1.7985281973595317,"Jurickson Profar",10815,595777
"Willson Contreras","STL",31,128,6,20,12,2,0.140625,0.2734375,0.271028038,0.363636363,0.280373831,0.3984375,0.551401869,0.41095358978106283,0.388,170.85099490998232,0.2327222996391356,10.706997175721819,1.8930977880954742,1.763499127882053,"Willson Contreras",11609,575929
"Brice Turang","MIL",41,160,2,19,15,16,0.08125,0.14375,0.111111111,0.35,0.305555555,0.364779874,0.416666666,0.34755779962119815,0.312,125.20937703178069,3.6451610354706645,8.303704377401809,2.8346874117851257,1.7222113548874245,"Brice Turang",22186,668930
"Marcell Ozuna","ATL",41,172,12,24,41,0,0.116279069,0.226744186,0.284768212,0.366336633,0.324503311,0.40116279,0.609271523,0.4329965773381685,0.454,182.02591075631437,-1.2563821501098573,15.03836223937994,-4.429012298583984,1.7087250417961641,"Marcell Ozuna",10324,542303
"Willy Adames","MIL",44,194,7,25,29,8,0.103092783,0.201030927,0.186046511,0.283464566,0.25,0.329896907,0.436046511,0.3382859088710903,0.351,118.9135267139815,0.8742592642083764,5.112077166240178,4.360753417015076,1.6665808968794886,"Willy Adames",15986,642715
"Christian Walker","ARI",45,194,8,30,28,1,0.134020618,0.226804123,0.179012345,0.300884955,0.259259259,0.365979381,0.438271604,0.3570357493518554,0.384,131.64606268484653,-1.5193268498405814,5.571378812976106,2.758877992630005,1.5471231965534407,"Christian Walker",13419,572233
"Bryce Harper","PHI",41,182,10,26,32,2,0.159340659,0.225274725,0.243421053,0.294117647,0.263157894,0.379120879,0.506578947,0.37718507376584137,0.364,145.02322615824292,-0.4395901234820485,9.024438463503019,-0.6130270957946777,1.5137822620113688,"Bryce Harper",11579,547180
"LaMonte Wade Jr.","SFG",44,140,2,17,14,1,0.214285714,0.221428571,0.103773585,0.413333333,0.311320754,0.464285714,0.415094339,0.398389938495142,0.417,163.7506480870304,-0.2743604271672666,10.033788489536503,-0.23034334182739258,1.5129312027640707,"LaMonte Wade Jr.",18126,664774
"Trea Turner","PHI",33,148,2,27,9,10,0.06081081,0.189189189,0.116788321,0.420560747,0.343065693,0.391891891,0.459854014,0.37761142930469,0.329,145.31273244418838,1.1814190922304988,8.926928954849465,0.4945797324180603,1.5008830460109133,"Trea Turner",16252,607208
"Fernando Tatis Jr.","SDP",47,206,8,30,22,6,0.111650485,0.213592233,0.178770949,0.296875,0.25698324,0.349514563,0.435754189,0.3488336520866283,0.389,131.5852430297427,0.3972621508873999,7.912097807923274,-0.45144760608673096,1.4980303578395329,"Fernando Tatis Jr.",19709,665487
"Bryson Stott","PHI",41,159,4,27,28,12,0.150943396,0.144654088,0.1640625,0.304761904,0.28125,0.396226415,0.4453125,0.3721028168996175,0.358,141.57224411275448,1.8379772920161486,9.4722670107429,-0.7821608185768127,1.4627541619533064,"Bryson Stott",26294,681082
"Joey Ortiz","MIL",38,116,5,14,15,1,0.137931034,0.172413793,0.265306122,0.324324324,0.295918367,0.396551724,0.561224489,0.4126838918389945,0.354,169.43165482141745,-0.2539496123790741,9.048204912814604,0.8032435476779938,1.4342984998402541,"Joey Ortiz",25493,687401
"Jake Cronenworth","SDP",43,190,7,20,28,1,0.084210526,0.168421052,0.197604791,0.3,0.275449101,0.342245989,0.473053892,0.3561312616827654,0.365,136.54050608592996,-0.9037531586363912,7.1148035160617304,-0.7878103256225586,1.3237372400073653,"Jake Cronenworth",18036,630105
"Teoscar Hernández","LAD",47,197,11,28,36,3,0.071065989,0.304568527,0.232044199,0.3,0.243093922,0.301020408,0.475138121,0.33855393042369764,0.334,121.73214918864726,0.40286337211728096,5.3475292200318085,0.4549248218536377,1.2932942911621692,"Teoscar Hernandez",13066,606192
"Ryan McMahon","COL",44,192,6,20,24,0,0.119791666,0.270833333,0.169696969,0.412844036,0.309090909,0.389473684,0.478787878,0.3801370168489123,0.383,132.4355209390572,-1.671598011162132,5.521072236367893,-0.19327270984649658,1.2262410925934009,"Ryan McMahon",15112,641857
"Max Muncy","LAD",40,167,9,24,28,0,0.125748502,0.299401197,0.251798561,0.258823529,0.223021582,0.323353293,0.474820143,0.3406423117175247,0.334,123.15021335557827,-0.5054169301874936,3.959768645909013,1.9422034621238708,1.199134649127537,"Max Muncy",13301,571970
"Joc Pederson","ARI",38,121,5,16,9,1,0.123966942,0.239669421,0.244897959,0.363636363,0.295918367,0.408333333,0.540816326,0.4116246496637662,0.357,168.71331839782556,0.5440699304454029,10.146791507519032,-3.132715940475464,1.1550745604129988,"Joc Pederson",11899,592626
"Travis d'Arnaud","ATL",36,116,5,15,16,0,0.086206896,0.24137931,0.24509804,0.3,0.25490196,0.336206896,0.5,0.3635508829149707,0.371,134.87051288894952,-0.6642068959772587,4.007594461776179,3.157757043838501,1.1534632738273485,"Travis d'Arnaud",7739,518595
"Ezequiel Tovar","COL",43,190,5,19,18,4,0.042105263,0.3,0.170454546,0.382608695,0.27840909,0.315508021,0.448863636,0.3339999659176179,0.276,101.10728653716576,0.4684022106230259,0.7113884416433116,3.7605812549591064,1.1297919167736508,"Ezequiel Tovar",24064,678662
"CJ Abrams","WSN",40,178,7,27,20,8,0.06741573,0.185393258,0.229813664,0.286885245,0.260869565,0.322033898,0.490683229,0.3485668999808175,0.374,125.73408932240015,0.5741643253713846,5.864665930534604,-1.0969157218933105,1.118890428078548,"CJ Abrams",25768,682928
"Freddie Freeman","LAD",47,208,4,27,24,1,0.144230769,0.16826923,0.152941176,0.335820895,0.288235294,0.403846153,0.44117647,0.37039947831163217,0.384,143.35608849017646,-1.70940155768767,8.706130815345695,-4.94762659072876,1.11793673291094,"Freddie Freeman",5361,518692
"Thairo Estrada","SFG",45,175,7,21,24,1,0.028571428,0.182857142,0.184523809,0.269230769,0.25,0.274285714,0.434523809,0.3079473577226911,0.272,102.33782882013055,0.26061564683914185,0.7331341298428099,4.093709886074066,1.1146123293706887,"Thairo Estrada",16426,642731
"Brandon Nimmo","NYM",41,183,6,21,27,2,0.153005464,0.196721311,0.181208054,0.242990654,0.2147651,0.360655737,0.395973154,0.3442456715745353,0.422,127.80174545777933,0.34043711610138416,6.21656442828715,-1.757644534111023,1.1040291823964496,"Brandon Nimmo",12927,607043
"Patrick Bailey","SFG",26,95,3,10,11,1,0.094736842,0.210526315,0.170731708,0.322580645,0.280487804,0.340425531,0.451219512,0.34363655714278524,0.354,126.57170555216437,0.21546384319663048,3.130950651348185,4.161747574806213,1.0935824757416786,"Patrick Bailey",27478,672275
"Mike Tauchman","CHC",42,165,4,28,13,3,0.151515151,0.212121212,0.153284672,0.323232323,0.262773722,0.381818181,0.416058394,0.3588422833066998,0.336,134.07739772748684,0.7714720340445638,7.265563653564372,-2.4545174837112427,1.0781058435299888,"Mike Tauchman",15274,643565
"Ha-Seong Kim","SDP",47,190,5,22,21,8,0.136842105,0.17368421,0.142857142,0.225806451,0.204968944,0.317460317,0.347826086,0.2965489292657503,0.316,96.08258260591938,1.639627787284553,0.7799781338557237,2.995782196521759,1.0570022453654688,"Ha-Seong Kim",27506,673490
"Nolan Arenado","STL",43,186,3,17,22,0,0.069892473,0.166666666,0.107142858,0.306569343,0.267857142,0.322580645,0.375,0.3102191795584976,0.299,102.44976093236295,-0.756539598107338,-0.23027434947844383,3.8828282356262207,1.0301789183099355,"Nolan Arenado",9777,571448
"Tyler Stephenson","CIN",36,120,5,18,14,1,0.1,0.2,0.20754717,0.294871794,0.264150943,0.341666666,0.471698113,0.35621347377697626,0.359,126.14666193376564,-0.1336703817360103,3.4901406423834693,2.2930294275283813,1.0228961743272789,"Tyler Stephenson",17988,663886
"Jackson Merrill","SDP",44,156,3,19,17,7,0.07051282,0.166666666,0.104895105,0.339130434,0.293706293,0.341935483,0.398601398,0.3266176256266507,0.345,116.49999439837175,0.9994550924748182,3.9723286575690677,0.605121269763913,1.0223137079579976,"Jackson Merrill",29490,701538
"Ronald Acuña Jr.","ATL",40,185,3,34,11,14,0.129729729,0.248648648,0.094936708,0.330275229,0.246835443,0.356756756,0.341772151,0.3219921508350888,0.353,106.65107376652321,2.399713879916817,3.8208364506827723,-0.2720071077346802,1.0158488911153905,"Ronald Acuna Jr.",18401,660670
"Christian Yelich","MIL",18,76,5,11,14,3,0.092105263,0.236842105,0.279411764,0.4,0.338235294,0.4,0.617647058,0.4351485911253336,0.404,184.68575864479524,1.2872197893448174,8.72069707765824,-1.5659944415092468,1.0129307245095207,"Christian Yelich",11477,592885
"Connor Joe","PIT",39,151,6,25,22,2,0.092715231,0.178807947,0.207407407,0.330097087,0.296296296,0.36423841,0.503703703,0.378779375395238,0.31,145.22866519622727,-0.551362952683121,7.336489210460606,-2.8068267703056335,0.9998900593838356,"Connor Joe",16572,656582
"Orlando Arcia","ATL",41,161,4,17,15,0,0.0310559,0.167701863,0.157894737,0.266129032,0.243421052,0.267080745,0.401315789,0.28959328454473743,0.254,84.65141715623909,-0.01462305011227727,-2.8686771611785713,6.981988430023193,0.991214755808812,"Orlando Arcia",13185,606115
"Elias Díaz","COL",38,149,3,15,21,0,0.046979865,0.181208053,0.124087592,0.348623853,0.299270072,0.342281879,0.423357664,0.3352070309825846,0.281,101.92691450493345,-0.8146685869432986,-0.4830668792259054,4.94463312625885,0.9857995465773846,"Elias Diaz",11680,553869
"Brenton Doyle","COL",43,174,5,28,13,8,0.074712643,0.287356321,0.178343949,0.372549019,0.27388535,0.333333333,0.452229299,0.34530509180492824,0.321,108.78375537493274,1.731964258942753,3.4971789154121113,0.06176126003265381,0.9785657142937425,"Brenton Doyle",25479,686668
"Francisco Lindor","NYM",44,194,7,25,21,6,0.077319587,0.154639175,0.166666667,0.194244604,0.195402298,0.268041237,0.362068965,0.2805472492557211,0.346,84.5488919451828,1.6765362513251603,-1.7854824039543935,4.451246500015259,0.9548924926524734,"Francisco Lindor",12916,596019
"Michael Busch","CHC",43,165,7,24,20,1,0.103030303,0.351515151,0.215277777,0.353658536,0.25,0.327272727,0.465277777,0.34469263553619384,0.33,124.46942597570035,-0.02955633495002985,4.633554840205276,-1.0122370719909668,0.9537180607429762,"Michael Busch",26319,683737
"Jazz Chisholm Jr.","MIA",45,187,5,20,21,8,0.096256684,0.245989304,0.160714285,0.316239316,0.25,0.326203208,0.410714285,0.3255466149058393,0.313,110.03790321988751,2.089256562758237,4.25722350061927,-1.405374526977539,0.9499495699969827,"Jazz Chisholm Jr.",20454,665862
"Austin Riley","ATL",37,163,3,22,18,0,0.08588957,0.239263803,0.142857143,0.314285714,0.244897959,0.319018404,0.387755102,0.31554575237028437,0.337,102.27380478038603,0.48826921870931983,0.9163333353542561,2.5769434571266174,0.9333602363480891,"Austin Riley",18360,663586
"J.T. Realmuto","PHI",37,160,5,23,16,1,0.0625,0.25,0.155405405,0.346153846,0.277027027,0.325,0.432432432,0.3331439383327961,0.343,115.11817184026036,-0.9619085229933262,1.8318399571784951,1.437481164932251,0.8994889154435718,"J.T. Realmuto",11739,592663
"Edmundo Sosa","PHI",20,63,1,13,8,2,0.111111111,0.269841269,0.192307693,0.44117647,0.307692307,0.419354838,0.5,0.40529960778451735,0.357,164.11371187543045,1.0021555293351412,5.667240030445704,0.5320911556482315,0.8677340532544305,"Edmundo Sosa",17022,624641
"Brandon Marsh","PHI",40,149,6,15,23,7,0.087248322,0.302013422,0.180451128,0.317647058,0.2481203,0.308724832,0.428571428,0.32186525500060725,0.339,107.45965817189216,1.522955998312682,2.806684665284789,0.4409654140472412,0.8588828987259669,"Brandon Marsh",20202,669016
"Gabriel Moreno","ARI",35,123,1,12,16,0,0.1300813,0.121951219,0.103773585,0.266666666,0.235849056,0.341463414,0.339622641,0.3089158881883152,0.308,98.97144955964299,-0.34760521864518523,-0.49372154679913294,4.367956459522247,0.8337707502592866,"Gabriel Moreno",22664,672515
"Luis García Jr.","WSN",37,137,3,9,20,7,0.0729927,0.204379562,0.1496063,0.34375,0.283464566,0.335766423,0.433070866,0.33950584778820514,0.34,119.58140376300763,-0.043403421994298697,3.054960548752347,0.26013126969337463,0.8241082691952358,"Luis Garcia Jr.",20391,671277
"Miguel Rojas","LAD",28,69,2,9,7,2,0.086956521,0.086956521,0.174603175,0.254545454,0.253968253,0.318840579,0.428571428,0.3299584259157595,0.311,115.89558238189134,0.5830782777629793,1.8498360543129573,3.6631547808647156,0.8168890805682336,"Miguel Rojas",7802,500743
"Nico Hoerner","CHC",41,180,2,25,12,5,0.1,0.088888888,0.121794872,0.287769784,0.269230769,0.361111111,0.391025641,0.33671845870311035,0.336,119.05475650839976,0.2849175604060292,4.246274283797915,-2.5473841428756714,0.8050077383890594,"Nico Hoerner",21479,663538
"Jacob Young","WSN",34,117,0,20,8,14,0.059829059,0.17094017,0.058252427,0.321428571,0.262135922,0.330434782,0.320388349,0.2970857692801434,0.301,90.77708844545056,2.5326297730207443,1.2863316247425212,2.0037753880023956,0.751786475015979,"Jacob Young",29931,696285
"Andy Pages","LAD",28,115,4,17,13,1,0.034782608,0.278260869,0.171428572,0.333333333,0.266666666,0.304347826,0.438095238,0.32221902297890703,0.312,110.64033037851844,-0.6038327305577695,0.8094237881636979,2.4483665227890015,0.7414367585035658,"Andy Pages",24816,681624
"Lars Nootbaar","STL",31,131,4,12,14,2,0.152671755,0.175572519,0.172727272,0.228915662,0.209090909,0.33076923,0.381818181,0.3195202752601269,0.383,108.76544215717705,0.5078283748589456,1.8340410306468784,0.7850828170776367,0.7304309567786518,"Lars Nootbaar",21454,663457
"Michael Harris II","ATL",41,173,4,18,15,6,0.052023121,0.219653179,0.122699387,0.314049586,0.257668711,0.300578034,0.380368098,0.30230267716280984,0.308,93.28141892287933,0.028303502593189478,-1.3141266849650097,2.2287060618400574,0.6986085824268522,"Michael Harris II",25931,671739
"Masyn Winn","STL",40,142,1,12,10,7,0.091549295,0.190140845,0.104,0.343434343,0.28,0.342857142,0.384,0.3203484008638121,0.298,109.32776056511113,0.7923983400687575,2.3221952457435386,-0.6629759073257446,0.6684118647792913,"Masyn Winn",27479,691026
"Jake Bauers","MIL",30,100,5,14,22,5,0.1,0.35,0.252873563,0.340425531,0.24137931,0.34,0.494252873,0.36523394525051117,0.378,137.21193078021446,-0.09608720103278756,4.201752848674443,-1.3278030753135681,0.6490234906775544,"Jake Bauers",15194,641343
"Ildemaro Vargas","WSN",26,83,0,8,6,3,0.144578313,0.084337349,0.114285714,0.333333333,0.3,0.402439024,0.414285714,0.36758676025925613,0.315,138.64905959177173,-1.2411589859984815,2.4638141866606023,0.9193932712078094,0.6430139421504666,"Ildemaro Vargas",13324,545121
"Ozzie Albies","ATL",33,149,3,21,19,2,0.067114093,0.154362416,0.139705883,0.318181818,0.279411764,0.342281879,0.419117647,0.33877631241843204,0.305,118.04794759587192,0.4824805101379752,3.5883423572840294,-2.5004705786705017,0.6330750305034228,"Ozzie Albies",16556,645277
"Kevin Newman","ARI",30,91,2,12,10,0,0.043956043,0.142857142,0.172413793,0.277777777,0.252873563,0.285714285,0.425287356,0.31015840336516665,0.292,99.81514905760777,-0.2930407002568245,-0.3124688349376056,3.1345229148864746,0.6122284038467815,"Kevin Newman",17696,621028
"Harrison Bader","NYM",37,131,1,15,8,5,0.045801526,0.229007633,0.056910569,0.358695652,0.276422764,0.320610687,0.333333333,0.29235780514203585,0.298,92.56856064429628,-1.3632514085620642,-2.4876292491237173,3.798123449087143,0.5936118809709889,"Harrison Bader",18030,664056
"Patrick Wisdom","CHC",14,40,2,5,7,3,0.15,0.275,0.323529411,0.38095238,0.294117647,0.4,0.617647058,0.4343421459197998,0.386,185.34373021969748,0.7551756734028459,4.697929451980213,-0.4119170606136322,0.5875278369525362,"Patrick Wisdom",13602,621550
"Cody Bellinger","CHC",32,142,7,13,22,0,0.105633802,0.154929577,0.224,0.257731958,0.256,0.338028169,0.48,0.34773346004278766,0.335,126.53422337810585,-0.23669670714298263,4.115041583625019,-3.2937833964824677,0.5808018442693977,"Cody Bellinger",15998,641355
"Iván Herrera","STL",30,102,3,11,14,0,0.06862745,0.215686274,0.10989011,0.338235294,0.285714285,0.343137254,0.395604395,0.3285594307908825,0.377,114.90325932464981,0.09462212538346648,1.850318750706741,0.16549107432365417,0.5662747082181507,"Ivan Herrera",20599,671056
"Alec Burleson","STL",37,118,5,9,17,1,0.042372881,0.169491525,0.1875,0.310344827,0.285714285,0.316239316,0.473214285,0.344805210064619,0.34,125.93455783323716,-0.44635778572410345,3.088149648003348,-1.6853308081626892,0.557953313943542,"Alec Burleson",27615,676475
"Pete Alonso","NYM",44,189,10,27,23,1,0.089947089,0.19047619,0.232142857,0.227642276,0.226190476,0.306878306,0.458333333,0.33147460285992547,0.344,119.12986404841561,-1.1471921461634338,3.028627487583984,-3.9930772185325623,0.557921116382134,"Pete Alonso",19251,624413
"Brett Baty","NYM",41,141,3,14,14,0,0.070921985,0.24822695,0.093023256,0.296703296,0.232558139,0.292857142,0.325581395,0.2800439787762506,0.264,84.20715845268272,0.2904222900979221,-2.2814383665098164,2.8125258684158325,0.5469786098981468,"Brett Baty",26123,683146
"Seiya Suzuki","CHC",21,96,4,16,15,1,0.072916666,0.25,0.2,0.33898305,0.282352941,0.34375,0.482352941,0.35896283263961476,0.361,134.1592537993926,-0.03251649811863899,3.7549399904383716,-1.8134692907333374,0.5375895685434543,"Seiya Suzuki",30116,673548
"Gary Sánchez","MIL",28,86,6,11,13,0,0.069767441,0.220930232,0.272727273,0.23076923,0.233766233,0.313953488,0.506493506,0.35786826527395915,0.357,132.2104461994516,-0.2980332551524043,2.901327670267573,-0.6488437131047249,0.5352516446209434,"Gary Sanchez",11442,596142
"Pete Crow-Armstrong","CHC",22,63,1,4,9,4,0.047619047,0.206349206,0.127272727,0.285714285,0.236363636,0.295081967,0.363636363,0.29238207809260636,0.281,88.94922318409256,0.9430031655356288,0.13891920063766594,2.8245596289634705,0.5294211244415726,"Pete Crow-Armstrong",27769,691718
"Blake Perkins","MIL",35,141,4,20,13,3,0.09929078,0.276595744,0.129032258,0.271604938,0.209677419,0.304964539,0.338709677,0.29399977719530146,0.297,88.84211369804741,-0.20283927069976926,-2.01989851902541,2.3799012303352356,0.5290914536854123,"Blake Perkins",19921,663368
"Otto Lopez","MIA",20,46,3,8,7,1,0.065217391,0.173913043,0.268292683,0.258064516,0.268292682,0.326086956,0.536585365,0.3695930657179459,0.418,139.94656681583234,0.08333807904273272,2.205631050959958,1.179919645190239,0.514296175650535,"Otto Lopez",19608,672640
"Bryan Reynolds","PIT",46,205,5,17,20,3,0.11707317,0.195121951,0.160220994,0.301470588,0.254143646,0.341463414,0.41436464,0.33513574068452795,0.36,115.59352400777665,0.44071733159944415,4.132755468633467,-6.093839645385742,0.5094892570797311,"Bryan Reynolds",19326,668804
"Eguy Rosario","SDP",28,52,3,4,6,0,0.038461538,0.365384615,0.291666666,0.346153846,0.25,0.294117647,0.541666666,0.3597356209567949,0.291,138.98795796952743,-0.7938103736378253,1.547731221391476,1.4928029254078865,0.49913708793663514,"Eguy Rosario",19964,666703
"Dansby Swanson","CHC",37,144,4,20,12,4,0.090277777,0.284722222,0.131782946,0.270588235,0.209302325,0.284722222,0.341085271,0.2815441054602464,0.337,81.58996332213303,0.5916098752059042,-2.4702491431283753,2.3786529898643494,0.4923325949307378,"Dansby Swanson",18314,621020
"Michael Conforto","SFG",38,154,7,19,20,0,0.071428571,0.207792207,0.20979021,0.317307692,0.279720279,0.331168831,0.489510489,0.3582192752268407,0.351,136.4737430931922,-0.9439239855855703,5.543452461553353,-5.97810959815979,0.4913198839010532,"Michael Conforto",16376,624424
"Ke'Bryan Hayes","PIT",34,149,1,15,11,0,0.10067114,0.161073825,0.07751938,0.280373831,0.240310077,0.322147651,0.317829457,0.29144577772025293,0.291,85.9269247534588,-0.1646369956433773,-2.5864651424762783,2.30316960811615,0.48971755357349345,"Ke'Bryan Hayes",18577,663647
"Tyler Fitzgerald","SFG",22,55,1,8,4,4,0.036363636,0.363636363,0.173076923,0.419354838,0.269230769,0.309090909,0.442307692,0.3285680456594987,0.264,116.33980190190765,1.1274362239055336,2.165388822715644,0.6143129048869014,0.48232313016770073,"Tyler Fitzgerald",26208,666149
"Jake McCarthy","ARI",38,106,1,14,11,3,0.103773584,0.198113207,0.108695652,0.352112676,0.282608695,0.35576923,0.391304347,0.3335712242584962,0.316,115.7130516359066,0.513120929710567,2.436808093490128,-1.4450536668300629,0.47315019114338674,"Jake McCarthy",21622,664983
"Xander Bogaerts","SDP",45,194,4,23,13,4,0.06185567,0.201030927,0.098901099,0.258992805,0.219780219,0.268041237,0.318681318,0.26363089342707213,0.307,73.7303966298436,1.2060374254360795,-4.680003666996888,2.725221037864685,0.47180781415033013,"Xander Bogaerts",12161,593428
"Oneil Cruz","PIT",45,178,7,18,18,4,0.061797752,0.331460674,0.173652695,0.346534653,0.251497005,0.297752808,0.4251497,0.3137316629290581,0.31,101.05960925717345,0.053263941779732704,0.27110201662632916,-1.7031432390213013,0.4706934876791735,"Oneil Cruz",21711,665833
"Lourdes Gurriel Jr.","ARI",41,185,5,23,25,2,0.059459459,0.194594594,0.138728323,0.257575757,0.225433526,0.275675675,0.364161849,0.2845061704919145,0.299,82.39662862417354,-0.18176354048773646,-3.9430431867424285,2.1251901388168335,0.45475467616402016,"Lourdes Gurriel Jr.",19238,666971
"Jesse Winker","WSN",41,166,4,19,18,4,0.126506024,0.222891566,0.143884892,0.272727272,0.223021582,0.343373493,0.366906474,0.3216341596661192,0.338,107.44607167427112,-0.06552116759121418,1.3620683306404349,-2.825565814971924,0.42557893261942453,"Jesse Winker",13590,608385
"Matt Chapman","SFG",45,187,5,25,20,4,0.058823529,0.256684491,0.143678161,0.272727272,0.218390804,0.272727272,0.362068965,0.2804060139322794,0.299,83.63655388831972,1.1258710916154087,-2.408274375070115,-0.031636595726013184,0.3966886025164588,"Matt Chapman",16505,656305
"Michael A. Taylor","PIT",37,120,1,12,8,3,0.066666666,0.358333333,0.064814815,0.348484848,0.222222222,0.27118644,0.287037037,0.25179940411600016,0.263,59.00602581458627,0.33174153743311763,-5.349840912819522,5.052511513233185,0.38717137679647473,"Michael A. Taylor",11489,572191
"Michael Siani","STL",39,85,0,12,2,4,0.058823529,0.211764705,0.04109589,0.29090909,0.219178082,0.278481012,0.260273972,0.24798830853232853,0.255,60.193412180360035,0.617436395958066,-3.290449924865168,4.134939955547452,0.3845584134213343,"Michael Siani",22557,672279
"DJ Stewart","NYM",34,95,4,7,16,1,0.2,0.189473684,0.205479452,0.211538461,0.205479452,0.378947368,0.410958904,0.35790810647763704,0.381,137.07888724524088,-0.22425375832244754,3.8440965555938273,-3.3680542707443237,0.38089148055919786,"DJ Stewart",17766,621466
"Bryan De La Cruz","MIA",46,199,9,25,25,1,0.070351758,0.261306532,0.196721311,0.306451612,0.256830601,0.306532663,0.453551912,0.3313619841882332,0.356,113.9866872954822,-0.8269200888462365,2.3877468657075083,-5.43429160118103,0.3750899451155494,"Bryan De La Cruz",19600,650559
"Rhys Hoskins","MIL",38,156,9,17,27,1,0.115384615,0.211538461,0.240601504,0.239130434,0.233082706,0.339743589,0.47368421,0.35780149430800706,0.373,132.16510701044052,-1.1939882994629443,4.601334658901369,-6.310030460357666,0.3650883039052119,"Rhys Hoskins",16472,656555
"Spencer Steer","CIN",44,186,4,21,30,11,0.123655913,0.166666666,0.151898734,0.258064516,0.227848101,0.338709677,0.379746835,0.3246348019569151,0.34,104.70393828954066,2.19463200122118,3.205146627679968,-5.94413685798645,0.36193396413721163,"Spencer Steer",26323,668715
"Kyle Schwarber","PHI",44,202,9,33,28,2,0.133663366,0.321782178,0.176470589,0.28,0.217647058,0.321782178,0.394117647,0.3192122493049886,0.335,105.65819963424822,0.0438864198513329,1.3639586038156746,-4.796944350004196,0.3451434319025115,"Kyle Schwarber",16478,656941
"Jacob Stallings","COL",19,63,2,7,11,0,0.079365079,0.174603174,0.148148148,0.333333333,0.296296296,0.38095238,0.444444444,0.36674526191893075,0.343,123.34217775758877,-0.7451600860804319,0.9532789606350174,0.23774582892656326,0.3441085540862635,"Jacob Stallings",13723,607732
"Nick Ahmed","SFG",36,119,0,9,11,0,0.042016806,0.19327731,0.054545454,0.295454545,0.236363636,0.273504273,0.29090909,0.25353838694401276,0.265,65.39274984968596,-0.7239870396442711,-5.480427860622949,4.760395646095276,0.3394917212964076,"Nick Ahmed",12147,605113
"Jung Hoo Lee","SFG",37,158,2,15,8,2,0.063291139,0.082278481,0.068965517,0.272727272,0.262068965,0.310126582,0.331034482,0.2881432700006268,0.324,88.89034811321739,-0.05633718939498067,-2.083672487231158,0.007175803184509277,0.3336051625091421,"Jung Hoo Lee",33824,808982
"Donovan Solano","SDP",4,16,0,1,1,0,0.125,0.0625,0.076923077,0.5,0.461538461,0.5625,0.538461538,0.49089211225509644,0.444,228.04656097477033,-0.0642512938939035,2.3019732000084803,0.2653484158217907,0.324184774751497,"Donovan Solano",8623,456781
"Jarred Kelenic","ATL",33,100,2,10,7,0,0.06,0.35,0.106382979,0.385964912,0.255319148,0.3,0.361702127,0.29524856328964233,0.265,88.49149567344321,-0.10549646988511086,-1.4346860542429178,1.1117547750473022,0.31478506666955686,"Jarred Kelenic",22558,672284
"Joey Bart","PIT",17,57,3,5,8,0,0.140350877,0.315789473,0.229166667,0.296296296,0.229166666,0.350877192,0.458333333,0.3592234212055541,0.324,131.9496734869521,-0.1192953223362565,1.9840439170609128,-0.9196025729179382,0.30996119704274383,"Joey Bart",21524,663698
"Heliot Ramos","SFG",9,35,0,4,5,1,0.085714285,0.342857142,0.0625,0.45,0.28125,0.342857142,0.34375,0.3109292507171631,0.3,104.36261022263693,0.09001532662659883,0.2663681841657241,1.4389538168907166,0.30028561659223946,"Heliot Ramos",22515,671218
"Nick Gonzales","PIT",8,29,2,4,6,1,0.034482758,0.172413793,0.269230769,0.25,0.269230769,0.285714285,0.538461538,0.34749153895037516,0.336,123.98342619011116,0.2779923644848168,1.0812914398050424,0.8164232596755028,0.2994876653794055,"Nick Gonzales",27490,693304
"J.D. Martinez","NYM",20,74,2,5,7,0,0.067567567,0.27027027,0.147058823,0.413043478,0.308823529,0.356164383,0.455882352,0.35825163534242815,0.354,137.31215210683808,-0.948845012113452,2.2401222665097977,-1.9444444179534912,0.2888390469266671,"J.D. Martinez",6184,502110
"Brendan Donovan","STL",42,192,4,20,20,0,0.083333333,0.135416666,0.148809523,0.24822695,0.232142857,0.3125,0.38095238,0.30887882101039094,0.331,101.5396232896212,-0.9893691558390856,-0.6479532541654368,-3.190728187561035,0.2678725758553723,"Brendan Donovan",24679,680977
"Blake Sabol","SFG",11,38,0,3,1,0,0.131578947,0.236842105,0.0625,0.434782608,0.3125,0.421052631,0.375,0.35666797451070836,0.331,135.42037033785098,-0.026635221671313047,1.5279149332988575,-0.35902906581759453,0.25465690168027366,"Blake Sabol",25805,666165
"Eugenio Suárez","ARI",44,182,3,18,23,1,0.065934065,0.269230769,0.111111111,0.28318584,0.216049382,0.285714285,0.327160493,0.27615857910323927,0.288,76.72840114892665,0.2741513140499592,-4.617614460737476,0.9617730975151062,0.2521339652544111,"Eugenio Suarez",12552,553993
"Jackson Chourio","MIL",40,140,5,18,15,6,0.057142857,0.285714285,0.130769231,0.26744186,0.215384615,0.258992805,0.346153846,0.2685368914398358,0.272,71.55216478727444,1.5160733466036618,-3.0837939571811708,0.8075727224349976,0.24998504122780246,"Jackson Chourio",28806,694192
"Kody Clemens","PHI",9,22,2,4,7,0,0.045454545,0.272727272,0.428571428,0.23076923,0.238095238,0.272727272,0.666666666,0.39415948499332776,0.322,156.54928434866986,0.01193238701671362,1.448803580508998,0.19283442199230194,0.24831612632929362,"Kody Clemens",20572,665019
"Mike Yastrzemski","SFG",38,118,4,14,14,0,0.076271186,0.305084745,0.158878505,0.313432835,0.233644859,0.299145299,0.392523364,0.3041623543048727,0.282,99.76771495520327,-0.19088811054825783,-0.22254522314901892,-1.3415430299937725,0.24775899184202713,"Mike Yastrzemski",14854,573262
"Jake Fraley","CIN",33,105,1,17,7,7,0.085714285,0.228571428,0.07368421,0.366197183,0.284210526,0.342857142,0.357894736,0.31509349175861906,0.278,98.22514529432938,-0.36937266075983644,-0.5846112562944494,-0.5925528407096863,0.24290121984259497,"Jake Fraley",19260,641584
"Alexander Canario","CHC",13,25,1,4,2,1,0.08,0.44,0.181818182,0.5,0.272727272,0.36,0.454545454,0.36226328134536745,0.276,136.40034265527146,0.056160503532737494,1.1071866610498888,0.3068501353263855,0.23497653876756697,"Alexander Canario",22842,672744
"Zack Short","- - -",15,30,0,6,2,1,0.233333333,0.3,0.090909091,0.384615384,0.227272727,0.413793103,0.318181818,0.34799857797293826,0.279,123.54563247612373,-0.13980432506650686,0.6760256530869824,0.46586403250694275,0.223950573780915,"Zack Short",19562,670097
"Trey Lipscomb","WSN",33,122,1,16,9,10,0.090163934,0.163934426,0.037383178,0.298850574,0.252336448,0.330578512,0.289719626,0.2874424851630345,0.29,84.22905255831267,0.48237268533557653,-1.7398401883580354,-0.18711131811141968,0.22376304630080068,"Trey Lipscomb",31567,702358
"Tyler Wade","SDP",34,79,0,12,6,5,0.101265822,0.202531645,0.029411764,0.326923076,0.25,0.337662337,0.279411764,0.2886234103859245,0.323,90.70095313000103,0.8489166609942913,0.0004523640071418811,-0.5246126353740692,0.22055121428553678,"Tyler Wade",15730,642180
"Enrique Hernández","LAD",33,98,2,6,7,0,0.081632653,0.173469387,0.078651685,0.253521126,0.224719101,0.285714285,0.303370786,0.2673154625357414,0.318,73.35941241036932,-0.20413894252851605,-3.219490262710471,2.0158365964889526,0.2157333388873887,"Enrique Hernandez",10472,571771
"Sal Frelick","MIL",42,164,2,21,10,6,0.091463414,0.219512195,0.095238095,0.321100917,0.25170068,0.329268292,0.346938775,0.30687316852371865,0.27,97.5834747721332,0.5787404258735478,0.12101690957590322,-3.5491760969161987,0.21319982019630684,"Sal Frelick",29622,686217
"Francisco Alvarez","NYM",16,59,1,8,8,1,0.06779661,0.237288135,0.127272727,0.3,0.236363636,0.288135593,0.363636363,0.2900832871259269,0.255,91.0241048951393,0.049242520704865456,-0.5624002182322418,0.625872015953064,0.21227937860764118,"Francisco Alvarez",26121,682626
"Tomás Nido","NYM",19,55,1,4,3,0,0.036363636,0.236363636,0.078431373,0.27027027,0.215686274,0.245283018,0.294117647,0.2413674311817817,0.32,57.944796111842976,-0.030904036480933428,-2.7023751125228928,2.857406198978424,0.20791011191182768,"Tomas Nido",13755,621512
"Luis Campusano","SDP",40,144,3,18,24,0,0.0625,0.131944444,0.140740741,0.292035398,0.266666666,0.3125,0.407407407,0.31817646076281864,0.291,110.76822814671112,-0.7273900061845779,1.0635242130210165,-3.8919713497161865,0.20619096363193004,"Luis Campusano",22217,669134
"José Azocar","SDP",34,54,0,8,2,0,0.074074074,0.259259259,0.020408163,0.4,0.285714285,0.339622641,0.306122448,0.2954253464374902,0.298,95.31964120626007,-0.22053852444514632,-0.5124431326299036,0.6822769343852997,0.20597227680437857,"Jose Azocar",18821,640492
"Riley Adams","WSN",20,75,2,6,6,1,0.093333333,0.293333333,0.16923077,0.302325581,0.23076923,0.306666666,0.4,0.3054238888057503,0.32,96.43888428407486,-0.29549026722088456,-0.6039620145472018,0.010590940713882446,0.19937320775008904,"Riley Adams",19864,656180
"Oliver Dunn","MIL",33,90,1,10,6,2,0.055555555,0.388888888,0.107142857,0.375,0.226190476,0.277777777,0.333333333,0.2731146878666348,0.256,74.66060532710146,0.5601055193692446,-2.0738400104494663,0.9665286391973495,0.1979222227417413,"Oliver Dunn",26295,686554
"Garrett Cooper","CHC",12,41,1,3,6,0,0.097560975,0.31707317,0.162162162,0.391304347,0.27027027,0.341463414,0.432432432,0.3418666604088574,0.341,122.55051678198204,-0.27261544438079,0.7952300012975837,-0.3007676601409912,0.19460141019221944,"Garrett Cooper",15279,643265
"Matt Olson","ATL",41,175,5,17,23,0,0.114285714,0.257142857,0.173333334,0.287128712,0.226666666,0.331428571,0.4,0.32336608006085965,0.376,107.58400675568754,-1.671766163315624,-0.13889800101495386,-3.8795480132102966,0.18982477832804107,"Matt Olson",14344,621566
"Vidal Bruján","MIA",36,96,1,12,6,2,0.072916666,0.125,0.137931034,0.297297297,0.264367816,0.333333333,0.40229885,0.3194129035827961,0.276,105.87295677872923,-0.6613874668255448,-0.010214921042108194,-1.4077494144439697,0.1863558963298435,"Vidal Brujan",20536,660644
"Nolan Gorman","STL",39,153,6,14,16,0,0.117647058,0.346405228,0.177777778,0.263157894,0.192592592,0.287581699,0.37037037,0.29294746761259277,0.322,90.72182797086896,-1.3459678092040122,-2.9855073521184177,-0.35608094930648804,0.18391064982472793,"Nolan Gorman",22263,669357
"Will Benson","CIN",43,165,6,15,14,8,0.109090909,0.387878787,0.205479452,0.289473684,0.191780821,0.284848484,0.397260273,0.3029798420992765,0.296,89.9996681923054,-0.5902734445407987,-2.496025506482539,-1.2657275199890137,0.18180759357626847,"Will Benson",21853,666181
"Yasmani Grandal","PIT",10,35,2,4,9,0,0.028571428,0.171428571,0.212121212,0.192307692,0.212121212,0.228571428,0.424242424,0.2779932311603001,0.336,76.79230250462545,-0.05689821345731616,-0.9950392715276071,1.5338783711194992,0.1783281836417691,"Yasmani Grandal",11368,518735
"Nick Senzel","WSN",23,94,5,10,11,0,0.127659574,0.29787234,0.2125,0.234042553,0.2,0.311827956,0.4125,0.31986613182917883,0.334,106.2455356758342,-0.567714384291321,0.11034165926454687,-1.6910234689712524,0.1623725950986485,"Nick Senzel",19293,669222
"Jake Cave","COL",30,60,0,9,4,0,0.083333333,0.266666666,0.055555555,0.358974358,0.259259259,0.316666666,0.314814814,0.2777008990109977,0.254,62.87878408509364,-0.6204722747206688,-3.1928899661629266,2.735363185405731,0.16129372210981596,"Jake Cave",14477,595909
"Starling Marte","NYM",40,178,4,21,15,8,0.061797752,0.230337078,0.109090909,0.314049586,0.254545454,0.299435028,0.363636363,0.29511054592617486,0.332,94.43774185099232,0.3334320071153343,-0.8100759405330242,-3.6091328859329224,0.15838090056117468,"Starling Marte",9241,516782
"Alex Call","WSN",7,21,0,6,1,1,0.142857142,0.238095238,0.0625,0.454545454,0.3125,0.476190476,0.375,0.3992095703170413,0.314,160.12175422524703,0.38249856093898416,1.840704903032766,-1.0370419770479202,0.15721917004097596,"Alex Call",19296,669743
"Matthew Batten","SDP",1,3,0,0,0,0,0,0,0.666666667,0.333333333,0.333333333,0.333333333,1,0.5397805770238241,0.284,261.24307555269814,0.19010402262210846,0.7487933461684322,0.5354774817824364,0.1447287664570106,"Matthew Batten",20157,676946
"Ian Happ","CHC",41,179,2,22,14,1,0.134078212,0.284916201,0.098039216,0.31,0.215686274,0.329608938,0.31372549,0.2982883803005325,0.295,92.95975303555325,-0.35005116229876876,-1.805540301542611,-2.809998333454132,0.14133982198406858,"Ian Happ",17919,664023
"Mark Vientos","NYM",6,18,1,2,3,0,0.055555555,0.222222222,0.235294117,0.333333333,0.294117647,0.333333333,0.529411764,0.374577263991038,0.369,148.39767037768556,-0.027579406276345253,0.9785758645224936,-0.24674831703305244,0.13925224025391494,"Mark Vientos",22184,668901
"Pavin Smith","ARI",17,35,1,6,9,0,0.057142857,0.085714285,0.1875,0.24137931,0.25,0.285714285,0.4375,0.31085544654301234,0.327,100.2884591548723,-0.0033334316685795784,0.00832715537655429,0.08335667848587036,0.13157746979059948,"Pavin Smith",19892,656976
"Sean Bouchard","COL",17,60,1,7,3,1,0.133333333,0.283333333,0.156862745,0.333333333,0.235294117,0.35,0.392156862,0.3351874162753423,0.305,101.91359561840285,0.08916178718209267,0.2217697069854201,-0.9767411053180695,0.13019546772572535,"Sean Bouchard",21270,656248
"Cristian Pache","PHI",16,42,0,4,5,0,0.166666666,0.285714285,0.029411765,0.304347826,0.205882352,0.333333333,0.235294117,0.273678366627012,0.299,74.73953186139555,0.23639842169359326,-0.9889475556033482,0.7794595062732697,0.12448788365172267,"Cristian Pache",19948,665506
"Chadwick Tromp","ATL",15,40,0,1,6,0,0.025,0.3,0.105263158,0.296296296,0.210526315,0.225,0.315789473,0.2341318264603615,0.236,46.99167245939144,-0.128992001991719,-2.577898127477243,2.4346407055854797,0.12444142943487431,"Chadwick Tromp",16953,644433
"Jonathan India","CIN",38,164,2,13,11,4,0.12804878,0.18902439,0.078571429,0.277777777,0.228571428,0.335365853,0.307142857,0.2980871327766558,0.335,86.67739376372005,-0.4756112224422395,-2.99909829487064,-1.3562912940979004,0.11625657362643751,"Jonathan India",21523,663697
"Johan Rojas","PHI",38,133,2,14,14,9,0.045112781,0.180451127,0.089430894,0.268041237,0.227642276,0.269230769,0.31707317,0.2628156244754791,0.264,67.36345286412052,1.893318281043321,-3.1199839863653853,-0.2779567837715149,0.10830932222608107,"Johan Rojas",24336,679032
"Christopher Morel","CHC",45,186,9,22,31,4,0.102150537,0.215053763,0.202453988,0.222222222,0.214723926,0.295698924,0.417177914,0.3110872120470614,0.368,101.65048625174276,-0.24212858453392982,0.11243399590291353,-5.284450441598892,0.10755764095445891,"Christopher Morel",21897,666624
"Geraldo Perdomo","ARI",7,27,0,3,2,0,0.074074074,0.111111111,0.041666666,0.285714285,0.25,0.333333333,0.291666666,0.2908990294845016,0.319,86.73754294304173,-0.07500173337757587,-0.48857818140081477,0.5945349335670471,0.10518588453613403,"Geraldo Perdomo",22799,672695
"Randal Grichuk","ARI",26,71,1,6,10,0,0.042253521,0.126760563,0.138461539,0.298245614,0.276923076,0.309859154,0.415384615,0.3151340106843223,0.316,103.19371334032277,-0.060393466148525476,0.2014985899100476,-1.6718379855155945,0.093743013036576,"Randal Grichuk",10243,545341
"Andrew McCutchen","PIT",35,147,6,19,11,1,0.122448979,0.265306122,0.16535433,0.25609756,0.212598425,0.319727891,0.377952755,0.3131951342706811,0.369,100.69529261287822,-0.6714107352308929,-0.553364268100536,-3.5189551934599876,0.08659879691309719,"Andrew McCutchen",9847,457705
"Jeimer Candelario","CIN",39,157,4,14,17,0,0.070063694,0.267515923,0.174825175,0.295918367,0.23076923,0.29299363,0.405594405,0.30761007670384305,0.283,93.14371559237925,-0.3181742178276181,-1.5614186442584463,-2.872875303030014,0.08360865252699934,"Jeimer Candelario",13621,600869
"Alek Thomas","ARI",4,14,1,2,4,0,0,0.214285714,0.285714286,0.2,0.214285714,0.214285714,0.5,0.30445970382009235,0.332,95.94558670955264,-0.05149895465001464,-0.1170567132327028,0.3945198766887188,0.07780588341464367,"Alek Thomas",23792,677950
"Luis Arraez","- - -",44,197,0,28,9,1,0.050761421,0.065989847,0.065573771,0.329411764,0.306010928,0.352040816,0.371584699,0.32481190014858635,0.329,110.95715124061358,-0.8884864775463939,1.6045689059588568,-7.468838095664978,0.07352191860350847,"Luis Arraez",18568,650333
"Adam Duvall","ATL",25,74,2,7,8,0,0.121621621,0.243243243,0.126984127,0.25,0.206349206,0.31081081,0.333333333,0.29396461715569366,0.336,87.61966349882836,0.10627105040475726,-0.9518423462048666,-0.8258832395076752,0.07206179284378501,"Adam Duvall",10950,594807
"Curt Casali","SFG",1,3,0,1,0,0,0.333333333,0,0,0.5,0.5,0.666666666,0.5,0.5291409492492676,0.323,252.53391946016998,-0.14000803511589766,0.3885050311907553,0.19548547640442848,0.07151347105140722,"Curt Casali",12510,592200
"Jason Heyward","LAD",5,19,1,4,4,0,0,0.052631578,0.176470588,0.1875,0.235294117,0.263157894,0.411764705,0.2894318354757209,0.249,88.37699375979534,-0.0310670449398458,-0.28612572980939627,0.3232530355453491,0.07010582981301348,"Jason Heyward",4940,518792
"Dane Myers","MIA",11,26,0,5,5,1,0.153846153,0.384615384,0.090909091,0.5,0.272727272,0.384615384,0.363636363,0.3408294297181643,0.385,120.41532429680473,0.2445454434491694,0.8575979538466508,-1.0731638073921204,0.06808476264984298,"Dane Myers",22054,667472
"Austin Barnes","LAD",14,42,0,2,2,0,0.166666666,0.238095238,0.028571428,0.28,0.2,0.333333333,0.228571428,0.273678366627012,0.334,77.67998658718281,-0.10398519737645984,-1.186694294394814,0.33263038098812103,0.05709656773451778,"Austin Barnes",12158,605131
"Luis Guillorme","ATL",10,21,0,2,3,0,0.047619047,0.238095238,0.1,0.2,0.15,0.19047619,0.25,0.197026184626988,0.245,21.795995199489493,0.2779095070436597,-1.6188677451634785,1.4222528338432312,0.05263871102026149,"Luis Guillorme",16451,641645
"Joey Gallo","WSN",24,95,3,8,5,1,0.157894736,0.484210526,0.192307692,0.24137931,0.128205128,0.284210526,0.32051282,0.28109824030022873,0.285,79.92114847356846,0.15535556990653276,-2.04772569761777,-0.6307603120803833,0.051081097149690474,"Joey Gallo",14128,608336
"Avisaíl García","MIA",18,51,2,4,2,0,0.019607843,0.25490196,0.14,0.285714285,0.24,0.25490196,0.38,0.27828281065996957,0.302,77.94457457725909,0.026919403113424778,-1.2722137308289119,0.026483535766601562,0.0475166243220105,"Avisail Garcia",5760,541645
"Edward Olivares","PIT",28,101,5,12,14,0,0.06930693,0.198019801,0.193548387,0.25,0.236559139,0.297029702,0.430107526,0.3206519277969209,0.367,105.75864561791597,-0.04519511107355356,0.6265581310271975,-3.6260251998901367,0.03843495384253362,"Edward Olivares",19698,658668
"Drew Millas","WSN",2,6,0,0,0,1,0,0.166666666,0,0.2,0.166666666,0.166666666,0.166666666,0.14875534176826477,0.105,-9.94305530506644,0.1923478045500815,-0.5695331132686658,0.6896988898515701,0.033476380713094424,"Drew Millas",25643,686452
"Brendan Rodgers","COL",40,154,1,16,10,1,0.058441558,0.253246753,0.082758621,0.352380952,0.262068965,0.305194805,0.344827586,0.29076021600079227,0.292,71.7463934256677,-0.32406044099479914,-5.349368136142324,0.5283553674817085,0.03272021456897465,"Brendan Rodgers",17907,663898
"Jorge Barrosa","ARI",3,10,0,1,1,0,0,0.1,0.1,0.222222222,0.2,0.2,0.3,0.21675955653190612,0.387,36.39494972982538,-0.007652198430150747,-0.7422669488159213,0.7123805359005928,0.0317301321158938,"Jorge Barrosa",23968,678489
"Pedro Pagés","STL",7,12,0,0,4,0,0.25,0.25,0.125,0.166666666,0.125,0.333333333,0.25,0.2799779921770096,0.446,81.91522333719644,-0.15778979705646634,-0.4084367561421831,0.23352035880088806,0.023538002394395695,"Pedro Pages",25782,686780
"Nick Gordon","MIA",40,116,5,11,16,2,0.034482758,0.206896551,0.162162162,0.240963855,0.225225225,0.25,0.387387387,0.2780344830504779,0.273,77.77595379631231,-0.5640455665998161,-3.541527703436006,-0.12188553810119629,0.021300642957161747,"Nick Gordon",16337,624503
"Tyler Black","MIL",7,23,0,1,0,2,0.04347826,0.347826086,0.090909091,0.357142857,0.227272727,0.260869565,0.318181818,0.25750495558199676,0.177,64.06119894778713,0.572391340509057,-0.3822922652672093,-0.3185739815235138,0.00688948227966598,"Tyler Black",29949,672012
"Scott McGough","ARI",15,1,0,0,0,0,0,1,0,0,0,0,0,0,0,-100,0,-0.2434550027396984,0.21302004158496857,0.00030346175031171346,"Scott McGough",12056,543518
"Adam Ottavino","NYM",17,0,0,0,0,0,0,0,0,0,0,0,0,0,,,0,0,0,0,"Adam Ottavino",1247,493603
"Lance Lynn","STL",9,0,0,0,0,0,0,0,0,0,0,0,0,0,,,0,0,0,0,"Lance Lynn",2520,458681
"Justin Wilson","CIN",16,0,0,0,0,0,0,0,0,0,0,0,0,0,,,0,0,0,0,"Justin Wilson",4301,458677
"Charlie Morton","ATL",8,0,0,0,0,0,0,0,0,0,0,0,0,0,,,0,0,0,0,"Charlie Morton",4676,450203
"Jake Diekman","NYM",17,0,0,0,0,0,0,0,0,0,0,0,0,0,,,0,0,0,0,"Jake Diekman",5003,518617
"Jesse Chavez","ATL",13,0,0,0,0,0,0,0,0,0,0,0,0,0,,,0,0,0,0,"Jesse Chavez",5448,445926
"Ryan Brasier","LAD",12,0,0,0,0,0,0,0,0,0,0,0,0,0,,,0,0,0,0,"Ryan Brasier",5615,518489
"Julio Teheran","NYM",1,0,0,0,0,0,0,0,0,0,0,0,0,0,,,0,0,0,0,"Julio Teheran",6797,527054
"Martín Pérez","PIT",9,0,0,0,0,0,0,0,0,0,0,0,0,0,,,0,0,0,0,"Martin Perez",6902,527048
"Fernando Cruz","CIN",20,0,0,0,0,0,0,0,0,0,0,0,0,0,,,0,0,0,0,"Fernando Cruz",7048,518585
"Daniel Hudson","LAD",18,0,0,0,0,0,0,0,0,0,0,0,0,0,,,0,0,0,0,"Daniel Hudson",7146,543339
"Wade Miley","MIL",2,0,0,0,0,0,0,0,0,0,0,0,0,0,,,0,0,0,0,"Wade Miley",8779,489119
"Patrick Corbin","WSN",9,0,0,0,0,0,0,0,0,0,0,0,0,0,,,0,0,0,0,"Patrick Corbin",9323,571578
"Joe Kelly","LAD",15,0,0,0,0,0,0,0,0,0,0,0,0,0,,,0,0,0,0,"Joe Kelly",9761,523260
"Miles Mikolas","STL",9,0,0,0,0,0,0,0,0,0,0,0,0,0,,,0,0,0,0,"Miles Mikolas",9803,571945
"Tyler Matzek","ATL",11,0,0,0,0,0,0,0,0,0,0,0,0,0,,,0,0,0,0,"Tyler Matzek",10058,554431
"Brooks Raley","NYM",8,0,0,0,0,0,0,0,0,0,0,0,0,0,,,0,0,0,0,"Brooks Raley",10061,548384
"Kyle Gibson","STL",9,0,0,0,0,0,0,0,0,0,0,0,0,0,,,0,0,0,0,"Kyle Gibson",10123,502043
"Aroldis Chapman","PIT",19,0,0,0,0,0,0,0,0,0,0,0,0,0,,,0,0,0,0,"Aroldis Chapman",10233,547973
"Zack Wheeler","PHI",10,0,0,0,0,0,0,0,0,0,0,0,0,0,,,0,0,0,0,"Zack Wheeler",10310,554430
"Michael Tonkin","NYM",5,0,0,0,0,0,0,0,0,0,0,0,0,0,,,0,0,0,0,"Michael Tonkin",10315,543859
"Chris Sale","ATL",8,0,0,0,0,0,0,0,0,0,0,0,0,0,,,0,0,0,0,"Chris Sale",10603,519242
"Merrill Kelly","ARI",4,0,0,0,0,0,0,0,0,0,0,0,0,0,,,0,0,0,0,"Merrill Kelly",11156,518876
"Jose Quintana","NYM",9,0,0,0,0,0,0,0,0,0,0,0,0,0,,,0,0,0,0,"Jose Quintana",11423,500779
"Jameson Taillon","CHC",5,0,0,0,0,0,0,0,0,0,0,0,0,0,,,0,0,0,0,"Jameson Taillon",11674,592791
"Luke Jackson","SFG",11,0,0,0,0,0,0,0,0,0,0,0,0,0,,,0,0,0,0,"Luke Jackson",11752,592426
"Drew Smyly","CHC",9,0,0,0,0,0,0,0,0,0,0,0,0,0,,,0,0,0,0,"Drew Smyly",11760,592767
"Héctor Neris","CHC",17,0,0,0,0,0,0,0,0,0,0,0,0,0,,,0,0,0,0,"Hector Neris",11804,593576
"James Paxton","LAD",8,0,0,0,0,0,0,0,0,0,0,0,0,0,,,0,0,0,0,"James Paxton",11828,572020
"Taijuan Walker","PHI",4,0,0,0,0,0,0,0,0,0,0,0,0,0,,,0,0,0,0,"Taijuan Walker",11836,592836
"Matt Andriese","MIA",3,0,0,0,0,0,0,0,0,0,0,0,0,0,,,0,0,0,0,"Matt Andriese",12022,542882
"Kyle Hendricks","CHC",7,0,0,0,0,0,0,0,0,0,0,0,0,0,,,0,0,0,0,"Kyle Hendricks",12049,543294
"Colin Rea","MIL",8,0,0,0,0,0,0,0,0,0,0,0,0,0,,,0,0,0,0,"Colin Rea",12317,607067
"Jacob Barnes","WSN",11,0,0,0,0,0,0,0,0,0,0,0,0,0,,,0,0,0,0,"Jacob Barnes",12323,606930
"Blake Treinen","LAD",5,0,0,0,0,0,0,0,0,0,0,0,0,0,,,0,0,0,0,"Blake Treinen",12572,595014
"Nick Ramirez","LAD",6,0,0,0,0,0,0,0,0,0,0,0,0,0,,,0,0,0,0,"Nick Ramirez",12575,598286
"Adrian Houser","NYM",8,0,0,0,0,0,0,0,0,0,0,0,0,0,,,0,0,0,0,"Adrian Houser",12718,605288
"Nick Martinez","CIN",10,0,0,0,0,0,0,0,0,0,0,0,0,0,,,0,0,0,0,"Nick Martinez",12730,607259
"Sonny Gray","STL",7,0,0,0,0,0,0,0,0,0,0,0,0,0,,,0,0,0,0,"Sonny Gray",12768,543243
"Burch Smith","MIA",18,0,0,0,0,0,0,0,0,0,0,0,0,0,,,0,0,0,0,"Burch Smith",12784,572143
"Andrew Kittredge","STL",19,0,0,0,0,0,0,0,0,0,0,0,0,0,,,0,0,0,0,"Andrew Kittredge",12828,552640
"Matt Barnes","WSN",14,0,0,0,0,0,0,0,0,0,0,0,0,0,,,0,0,0,0,"Matt Barnes",12863,598264
"Joe Musgrove","SDP",8,0,0,0,0,0,0,0,0,0,0,0,0,0,,,0,0,0,0,"Joe Musgrove",12970,605397
"Joe Ross","MIL",8,0,0,0,0,0,0,0,0,0,0,0,0,0,,,0,0,0,0,"Joe Ross",12972,605452
"Colten Brewer","CHC",7,0,0,0,0,0,0,0,0,0,0,0,0,0,,,0,0,0,0,"Colten Brewer",12997,605155
"Yu Darvish","SDP",8,0,0,0,0,0,0,0,0,0,0,0,0,0,,,0,0,0,0,"Yu Darvish",13074,506433
"Derek Law","WSN",23,0,0,0,0,0,0,0,0,0,0,0,0,0,,,0,0,0,0,"Derek Law",13133,571882
"Jordan Weems","WSN",19,0,0,0,0,0,0,0,0,0,0,0,0,0,,,0,0,0,0,"Jordan Weems",13190,607179
"Hoby Milner","MIL",21,0,0,0,0,0,0,0,0,0,0,0,0,0,,,0,0,0,0,"Hoby Milner",13346,571948
"Steven Matz","STL",6,0,0,0,0,0,0,0,0,0,0,0,0,0,,,0,0,0,0,"Steven Matz",13361,571927
"Dylan Floro","WSN",20,0,0,0,0,0,0,0,0,0,0,0,0,0,,,0,0,0,0,"Dylan Floro",13394,571670
"Pierce Johnson","ATL",13,0,0,0,0,0,0,0,0,0,0,0,0,0,,,0,0,0,0,"Pierce Johnson",13435,572955
"Taylor Rogers","SFG",18,0,0,0,0,0,0,0,0,0,0,0,0,0,,,0,0,0,0,"Taylor Rogers",13449,573124
"Lucas Sims","CIN",18,0,0,0,0,0,0,0,0,0,0,0,0,0,,,0,0,0,0,"Lucas Sims",13470,608371
"Matt Bowman","ARI",3,0,0,0,0,0,0,0,0,0,0,0,0,0,,,0,0,0,0,"Matt Bowman",13528,621199
"Blake Snell","SFG",3,0,0,0,0,0,0,0,0,0,0,0,0,0,,,0,0,0,0,"Blake Snell",13543,605483
"Jakob Junis","MIL",1,0,0,0,0,0,0,0,0,0,0,0,0,0,,,0,0,0,0,"Jakob Junis",13619,596001
"Max Fried","ATL",9,0,0,0,0,0,0,0,0,0,0,0,0,0,,,0,0,0,0,"Max Fried",13743,608331
"Matt Strahm","PHI",18,0,0,0,0,0,0,0,0,0,0,0,0,0,,,0,0,0,0,"Matt Strahm",13799,621381
"Paul Sewald","ARI",4,0,0,0,0,0,0,0,0,0,0,0,0,0,,,0,0,0,0,"Paul Sewald",13892,623149
"Brent Suter","CIN",18,0,0,0,0,0,0,0,0,0,0,0,0,0,,,0,0,0,0,"Brent Suter",13942,608718
"Wandy Peralta","SDP",21,0,0,0,0,0,0,0,0,0,0,0,0,0,,,0,0,0,0,"Wandy Peralta",14295,593974
"Frankie Montas","CIN",8,0,0,0,0,0,0,0,0,0,0,0,0,0,,,0,0,0,0,"Frankie Montas",14309,593423
"Joel Payamps","MIL",16,0,0,0,0,0,0,0,0,0,0,0,0,0,,,0,0,0,0,"Joel Payamps",14332,606303
"Ty Blach","COL",5,0,0,0,0,0,0,0,0,0,0,0,0,0,,,0,0,0,0,"Ty Blach",14361,621389
"Tyler Glasnow","LAD",10,0,0,0,0,0,0,0,0,0,0,0,0,0,,,0,0,0,0,"Tyler Glasnow",14374,607192
"Yunior Marte","PHI",12,0,0,0,0,0,0,0,0,0,0,0,0,0,,,0,0,0,0,"Yunior Marte",14416,628708
"Jackson Stephens","ATL",3,0,0,0,0,0,0,0,0,0,0,0,0,0,,,0,0,0,0,"Jackson Stephens",14420,623451
"Thyago Vieira","MIL",15,0,0,0,0,0,0,0,0,0,0,0,0,0,,,0,0,0,0,"Thyago Vieira",14510,600986
"Jorge López","NYM",22,0,0,0,0,0,0,0,0,0,0,0,0,0,,,0,0,0,0,"Jorge Lopez",14527,605347
"José Ruiz","PHI",5,0,0,0,0,0,0,0,0,0,0,0,0,0,,,0,0,0,0,"Jose Ruiz",14552,614179
"Edwin Díaz","NYM",17,0,0,0,0,0,0,0,0,0,0,0,0,0,,,0,0,0,0,"Edwin Diaz",14710,621242
"Emilio Pagán","CIN",20,0,0,0,0,0,0,0,0,0,0,0,0,0,,,0,0,0,0,"Emilio Pagan",14771,641941
"Buck Farmer","CIN",17,0,0,0,0,0,0,0,0,0,0,0,0,0,,,0,0,0,0,"Buck Farmer",14814,571656
"Joe Mantiply","ARI",20,0,0,0,0,0,0,0,0,0,0,0,0,0,,,0,0,0,0,"Joe Mantiply",14857,573009
"Sam Moll","CIN",6,0,0,0,0,0,0,0,0,0,0,0,0,0,,,0,0,0,0,"Sam Moll",14874,594580
"Giovanny Gallegos","STL",13,0,0,0,0,0,0,0,0,0,0,0,0,0,,,0,0,0,0,"Giovanny Gallegos",14986,606149
"Kyle Finnegan","WSN",18,0,0,0,0,0,0,0,0,0,0,0,0,0,,,0,0,0,0,"Kyle Finnegan",15009,640448
"Yency Almonte","CHC",17,0,0,0,0,0,0,0,0,0,0,0,0,0,,,0,0,0,0,"Yency Almonte",15068,622075
"Cole Sulser","NYM",4,0,0,0,0,0,0,0,0,0,0,0,0,0,,,0,0,0,0,"Cole Sulser",15256,642121
"Kevin Herget","MIL",2,0,0,0,0,0,0,0,0,0,0,0,0,0,,,0,0,0,0,"Kevin Herget",15369,643361
"Marco Gonzales","PIT",3,0,0,0,0,0,0,0,0,0,0,0,0,0,,,0,0,0,0,"Marco Gonzales",15467,594835
"Hunter Harvey","WSN",20,0,0,0,0,0,0,0,0,0,0,0,0,0,,,0,0,0,0,"Hunter Harvey",15507,640451
"Tyler Rogers","SFG",22,0,0,0,0,0,0,0,0,0,0,0,0,0,,,0,0,0,0,"Tyler Rogers",15541,643511
"Mark Leiter Jr.","CHC",18,0,0,0,0,0,0,0,0,0,0,0,0,0,,,0,0,0,0,"Mark Leiter Jr.",15551,643410
"Miguel Castro","ARI",8,0,0,0,0,0,0,0,0,0,0,0,0,0,,,0,0,0,0,"Miguel Castro",15684,612434
"Joe Jiménez","ATL",17,0,0,0,0,0,0,0,0,0,0,0,0,0,,,0,0,0,0,"Joe Jimenez",15761,641729
"Kent Emanuel","MIA",2,0,0,0,0,0,0,0,0,0,0,0,0,0,,,0,0,0,0,"Kent Emanuel",15849,592288
"Sean Manaea","NYM",8,0,0,0,0,0,0,0,0,0,0,0,0,0,,,0,0,0,0,"Sean Manaea",15873,640455
"Luis Severino","NYM",8,0,0,0,0,0,0,0,0,0,0,0,0,0,,,0,0,0,0,"Luis Severino",15890,622663
"Aaron Nola","PHI",9,0,0,0,0,0,0,0,0,0,0,0,0,0,,,0,0,0,0,"Aaron Nola",16149,605400
"Spencer Turnbull","PHI",9,0,0,0,0,0,0,0,0,0,0,0,0,0,,,0,0,0,0,"Spencer Turnbull",16207,605513
"Tejay Antone","CIN",4,0,0,0,0,0,0,0,0,0,0,0,0,0,,,0,0,0,0,"Tejay Antone",16233,622088
"Kyle Freeland","COL",5,0,0,0,0,0,0,0,0,0,0,0,0,0,,,0,0,0,0,"Kyle Freeland",16256,607536
"Aaron Bummer","ATL",16,0,0,0,0,0,0,0,0,0,0,0,0,0,,,0,0,0,0,"Aaron Bummer",16258,607481
"Ricardo Pinto","PHI",6,0,0,0,0,0,0,0,0,0,0,0,0,0,,,0,0,0,0,"Ricardo Pinto",16318,620982
"Ryan Borucki","PIT",4,0,0,0,0,0,0,0,0,0,0,0,0,0,,,0,0,0,0,"Ryan Borucki",16350,621366
"Reynaldo López","ATL",7,0,0,0,0,0,0,0,0,0,0,0,0,0,,,0,0,0,0,"Reynaldo Lopez",16400,625643
"Ryan Yarbrough","LAD",12,0,0,0,0,0,0,0,0,0,0,0,0,0,,,0,0,0,0,"Ryan Yarbrough",16502,642232
"Jordan Montgomery","ARI",5,0,0,0,0,0,0,0,0,0,0,0,0,0,,,0,0,0,0,"Jordan Montgomery",16511,656756
"Austin Gomber","COL",9,0,0,0,0,0,0,0,0,0,0,0,0,0,,,0,0,0,0,"Austin Gomber",16561,596295
"J.P. Feyereisen","LAD",8,0,0,0,0,0,0,0,0,0,0,0,0,0,,,0,0,0,0,"J.P. Feyereisen",16610,656420
"Ryan Thompson","ARI",18,0,0,0,0,0,0,0,0,0,0,0,0,0,,,0,0,0,0,"Ryan Thompson",16647,657044
"Julian Merryweather","CHC",4,0,0,0,0,0,0,0,0,0,0,0,0,0,,,0,0,0,0,"Julian Merryweather",16703,657240
"Reed Garrett","NYM",15,0,0,0,0,0,0,0,0,0,0,0,0,0,,,0,0,0,0,"Reed Garrett",16866,657585
"Elieser Hernández","LAD",1,0,0,0,0,0,0,0,0,0,0,0,0,0,,,0,0,0,0,"Elieser Hernandez",16933,622694
"Luis F. Ortiz","PHI",1,0,0,0,0,0,0,0,0,0,0,0,0,0,,,0,0,0,0,"Luis F. Ortiz",16942,656814
"Trevor Williams","WSN",8,0,0,0,0,0,0,0,0,0,0,0,0,0,,,0,0,0,0,"Trevor Williams",16977,592866
"Sean Reid-Foley","NYM",11,0,0,0,0,0,0,0,0,0,0,0,0,0,,,0,0,0,0,"Sean Reid-Foley",17034,656887
"Raisel Iglesias","ATL",18,0,0,0,0,0,0,0,0,0,0,0,0,0,,,0,0,0,0,"Raisel Iglesias",17130,628452
"Dinelson Lamet","LAD",3,0,0,0,0,0,0,0,0,0,0,0,0,0,,,0,0,0,0,"Dinelson Lamet",17186,659275
"Jalen Beeks","COL",18,0,0,0,0,0,0,0,0,0,0,0,0,0,,,0,0,0,0,"Jalen Beeks",17192,656222
"Ranger Suárez","PHI",9,0,0,0,0,0,0,0,0,0,0,0,0,0,,,0,0,0,0,"Ranger Suarez",17277,624133
"Emmanuel Ramirez","MIA",3,0,0,0,0,0,0,0,0,0,0,0,0,0,,,0,0,0,0,"Emmanuel Ramirez",17304,642629
"Justin Steele","CHC",4,0,0,0,0,0,0,0,0,0,0,0,0,0,,,0,0,0,0,"Justin Steele",17312,657006
"Jeff Hoffman","PHI",20,0,0,0,0,0,0,0,0,0,0,0,0,0,,,0,0,0,0,"Jeff Hoffman",17432,656546
"Tanner Scott","MIA",18,0,0,0,0,0,0,0,0,0,0,0,0,0,,,0,0,0,0,"Tanner Scott",17586,656945
"Mitch Keller","PIT",9,0,0,0,0,0,0,0,0,0,0,0,0,0,,,0,0,0,0,"Mitch Keller",17594,656605
"Tanner Rainey","WSN",12,0,0,0,0,0,0,0,0,0,0,0,0,0,,,0,0,0,0,"Tanner Rainey",17610,663432
"Justin Lawrence","COL",16,0,0,0,0,0,0,0,0,0,0,0,0,0,,,0,0,0,0,"Justin Lawrence",17639,664875
"Jose Cuas","CHC",8,0,0,0,0,0,0,0,0,0,0,0,0,0,,,0,0,0,0,"Jose Cuas",17701,621016
"Trevor Megill","MIL",10,0,0,0,0,0,0,0,0,0,0,0,0,0,,,0,0,0,0,"Trevor Megill",17722,656730
"Nabil Crismatt","LAD",5,0,0,0,0,0,0,0,0,0,0,0,0,0,,,0,0,0,0,"Nabil Crismatt",17732,622503
"Evan Phillips","LAD",14,0,0,0,0,0,0,0,0,0,0,0,0,0,,,0,0,0,0,"Evan Phillips",17734,623465
"Drew Smith","NYM",10,0,0,0,0,0,0,0,0,0,0,0,0,0,,,0,0,0,0,"Drew Smith",17755,622098
"José Alvarado","PHI",21,0,0,0,0,0,0,0,0,0,0,0,0,0,,,0,0,0,0,"Jose Alvarado",17780,621237
"Adbert Alzolay","CHC",18,0,0,0,0,0,0,0,0,0,0,0,0,0,,,0,0,0,0,"Adbert Alzolay",17859,640470
"Tyler Jay","NYM",2,0,0,0,0,0,0,0,0,0,0,0,0,0,,,0,0,0,0,"Tyler Jay",17952,664079
"Peter Lambert","COL",11,0,0,0,0,0,0,0,0,0,0,0,0,0,,,0,0,0,0,"Peter Lambert",17969,663567
"Logan Webb","SFG",10,0,0,0,0,0,0,0,0,0,0,0,0,0,,,0,0,0,0,"Logan Webb",17995,657277
"Ryan Helsley","STL",20,0,0,0,0,0,0,0,0,0,0,0,0,0,,,0,0,0,0,"Ryan Helsley",18138,664854
"Tyler Kinley","COL",17,0,0,0,0,0,0,0,0,0,0,0,0,0,,,0,0,0,0,"Tyler Kinley",18297,641755
"Enyel De Los Santos","SDP",21,0,0,0,0,0,0,0,0,0,0,0,0,0,,,0,0,0,0,"Enyel De Los Santos",18403,660853
"Danny Young","NYM",2,0,0,0,0,0,0,0,0,0,0,0,0,0,,,0,0,0,0,"Danny Young",18439,664849
"Dylan Cease","SDP",9,0,0,0,0,0,0,0,0,0,0,0,0,0,,,0,0,0,0,"Dylan Cease",18525,656302
"Logan Allen","ARI",8,0,0,0,0,0,0,0,0,0,0,0,0,0,,,0,0,0,0,"Logan Allen",18555,663531
"A.J. Minter","ATL",21,0,0,0,0,0,0,0,0,0,0,0,0,0,,,0,0,0,0,"A.J. Minter",18655,621345
"Freddy Peralta","MIL",9,0,0,0,0,0,0,0,0,0,0,0,0,0,,,0,0,0,0,"Freddy Peralta",18679,642547
"Pedro Avila","SDP",4,0,0,0,0,0,0,0,0,0,0,0,0,0,,,0,0,0,0,"Pedro Avila",18864,658648
"Dakota Hudson","COL",8,0,0,0,0,0,0,0,0,0,0,0,0,0,,,0,0,0,0,"Dakota Hudson",19206,641712
"Mitch White","- - -",5,0,0,0,0,0,0,0,0,0,0,0,0,0,,,0,0,0,0,"Mitch White",19225,669952
"Seranthony Domínguez","PHI",17,0,0,0,0,0,0,0,0,0,0,0,0,0,,,0,0,0,0,"Seranthony Dominguez",19249,622554
"Vladimir Gutierrez","MIA",1,0,0,0,0,0,0,0,0,0,0,0,0,0,,,0,0,0,0,"Vladimir Gutierrez",19278,661269
"Zac Gallen","ARI",8,0,0,0,0,0,0,0,0,0,0,0,0,0,,,0,0,0,0,"Zac Gallen",19291,668678
"Cal Quantrill","COL",9,0,0,0,0,0,0,0,0,0,0,0,0,0,,,0,0,0,0,"Cal Quantrill",19312,615698
"Joey Lucchesi","NYM",1,0,0,0,0,0,0,0,0,0,0,0,0,0,,,0,0,0,0,"Joey Lucchesi",19320,664192
"Richard Lovelady","CHC",7,0,0,0,0,0,0,0,0,0,0,0,0,0,,,0,0,0,0,"Richard Lovelady",19337,663992
"A.J. Puk","MIA",6,0,0,0,0,0,0,0,0,0,0,0,0,0,,,0,0,0,0,"A.J. Puk",19343,640462
"Daulton Jefferies","SFG",2,0,0,0,0,0,0,0,0,0,0,0,0,0,,,0,0,0,0,"Daulton Jefferies",19345,641726
"Walker Buehler","LAD",2,0,0,0,0,0,0,0,0,0,0,0,0,0,,,0,0,0,0,"Walker Buehler",19374,621111
"Yohan Ramírez","NYM",5,0,0,0,0,0,0,0,0,0,0,0,0,0,,,0,0,0,0,"Yohan Ramirez",19444,670990
"David Bednar","PIT",19,0,0,0,0,0,0,0,0,0,0,0,0,0,,,0,0,0,0,"David Bednar",19569,670280
"JoJo Romero","STL",21,0,0,0,0,0,0,0,0,0,0,0,0,0,,,0,0,0,0,"JoJo Romero",19574,668941
"Jordan Hicks","SFG",9,0,0,0,0,0,0,0,0,0,0,0,0,0,,,0,0,0,0,"Jordan Hicks",19618,663855
"Gregory Soto","PHI",17,0,0,0,0,0,0,0,0,0,0,0,0,0,,,0,0,0,0,"Gregory Soto",19677,642397
"Sixto Sánchez","MIA",11,0,0,0,0,0,0,0,0,0,0,0,0,0,,,0,0,0,0,"Sixto Sanchez",19680,664350
"Anthony Bender","MIA",19,0,0,0,0,0,0,0,0,0,0,0,0,0,,,0,0,0,0,"Anthony Bender",19742,669622
"Keegan Thompson","CHC",9,0,0,0,0,0,0,0,0,0,0,0,0,0,,,0,0,0,0,"Keegan Thompson",19795,624522
"Michael King","SDP",10,0,0,0,0,0,0,0,0,0,0,0,0,0,,,0,0,0,0,"Michael King",19853,650633
"Kevin Ginkel","ARI",18,0,0,0,0,0,0,0,0,0,0,0,0,0,,,0,0,0,0,"Kevin Ginkel",19876,656464
"Ryder Ryan","PIT",11,0,0,0,0,0,0,0,0,0,0,0,0,0,,,0,0,0,0,"Ryder Ryan",19891,656924
"Bryan Hudson","MIL",16,0,0,0,0,0,0,0,0,0,0,0,0,0,,,0,0,0,0,"Bryan Hudson",19924,663542
"Jesús Luzardo","MIA",7,0,0,0,0,0,0,0,0,0,0,0,0,0,,,0,0,0,0,"Jesus Luzardo",19959,666200
"Tyson Miller","CHC",2,0,0,0,0,0,0,0,0,0,0,0,0,0,,,0,0,0,0,"Tyson Miller",19976,668338
"Bryse Wilson","MIL",11,0,0,0,0,0,0,0,0,0,0,0,0,0,,,0,0,0,0,"Bryse Wilson",19990,669060
"Dylan Lee","ATL",12,0,0,0,0,0,0,0,0,0,0,0,0,0,,,0,0,0,0,"Dylan Lee",19996,669276
"Darren McCaughan","MIA",1,0,0,0,0,0,0,0,0,0,0,0,0,0,,,0,0,0,0,"Darren McCaughan",20038,670766
"Adrian Morejon","SDP",11,0,0,0,0,0,0,0,0,0,0,0,0,0,,,0,0,0,0,"Adrian Morejon",20039,670970
"Bailey Falter","PIT",8,0,0,0,0,0,0,0,0,0,0,0,0,0,,,0,0,0,0,"Bailey Falter",20070,663559
"Calvin Faucher","MIA",13,0,0,0,0,0,0,0,0,0,0,0,0,0,,,0,0,0,0,"Calvin Faucher",20116,676534
"Nick Nelson","PHI",3,0,0,0,0,0,0,0,0,0,0,0,0,0,,,0,0,0,0,"Nick Nelson",20153,656793
"Riley O'Brien","STL",1,0,0,0,0,0,0,0,0,0,0,0,0,0,,,0,0,0,0,"Riley O'Brien",20348,676617
"Eli Villalobos","MIA",3,0,0,0,0,0,0,0,0,0,0,0,0,0,,,0,0,0,0,"Eli Villalobos",20408,681871
"Josh Fleming","PIT",17,0,0,0,0,0,0,0,0,0,0,0,0,0,,,0,0,0,0,"Josh Fleming",20418,676596
"Ryan Walker","SFG",23,0,0,0,0,0,0,0,0,0,0,0,0,0,,,0,0,0,0,"Ryan Walker",20423,676254
"J.B. Bukauskas","MIL",6,0,0,0,0,0,0,0,0,0,0,0,0,0,,,0,0,0,0,"J.B. Bukauskas",20491,656266
"Kyle Nelson","ARI",11,0,0,0,0,0,0,0,0,0,0,0,0,0,,,0,0,0,0,"Kyle Nelson",20515,669459
"Cristopher Sánchez","PHI",8,0,0,0,0,0,0,0,0,0,0,0,0,0,,,0,0,0,0,"Cristopher Sanchez",20778,650911
"Alexis Díaz","CIN",17,0,0,0,0,0,0,0,0,0,0,0,0,0,,,0,0,0,0,"Alexis Diaz",21132,664747
"Connor Brogdon","- - -",4,0,0,0,0,0,0,0,0,0,0,0,0,0,,,0,0,0,0,"Connor Brogdon",21205,641401
"Allan Winans","ATL",1,0,0,0,0,0,0,0,0,0,0,0,0,0,,,0,0,0,0,"Allan Winans",21238,642216
"Jake Bird","COL",19,0,0,0,0,0,0,0,0,0,0,0,0,0,,,0,0,0,0,"Jake Bird",21267,656234
"Tylor Megill","NYM",1,0,0,0,0,0,0,0,0,0,0,0,0,0,,,0,0,0,0,"Tylor Megill",21318,656731
"Ryan Feltner","COL",9,0,0,0,0,0,0,0,0,0,0,0,0,0,,,0,0,0,0,"Ryan Feltner",21446,663372
"Sean Hjelle","SFG",10,0,0,0,0,0,0,0,0,0,0,0,0,0,,,0,0,0,0,"Sean Hjelle",21481,663546
"Stephen Kolek","SDP",20,0,0,0,0,0,0,0,0,0,0,0,0,0,,,0,0,0,0,"Stephen Kolek",21487,663568
"Jake Irvin","WSN",9,0,0,0,0,0,0,0,0,0,0,0,0,0,,,0,0,0,0,"Jake Irvin",21504,663623
"Elvis Peguero","MIL",18,0,0,0,0,0,0,0,0,0,0,0,0,0,,,0,0,0,0,"Elvis Peguero",21652,665625
"Edward Cabrera","MIA",5,0,0,0,0,0,0,0,0,0,0,0,0,0,,,0,0,0,0,"Edward Cabrera",21690,665795
"Javier Assad","CHC",9,0,0,0,0,0,0,0,0,0,0,0,0,0,,,0,0,0,0,"Javier Assad",21741,665871
"Braxton Garrett","MIA",1,0,0,0,0,0,0,0,0,0,0,0,0,0,,,0,0,0,0,"Braxton Garrett",21844,666129
"George Soriano","MIA",10,0,0,0,0,0,0,0,0,0,0,0,0,0,,,0,0,0,0,"George Soriano",21863,666277
"Camilo Doval","SFG",17,0,0,0,0,0,0,0,0,0,0,0,0,0,,,0,0,0,0,"Camilo Doval",21992,666808
"Luis Frías","ARI",7,0,0,0,0,0,0,0,0,0,0,0,0,0,,,0,0,0,0,"Luis Frias",21997,666818
"John King","STL",8,0,0,0,0,0,0,0,0,0,0,0,0,0,,,0,0,0,0,"John King",22051,667463
"Kyle Tyler","MIA",1,0,0,0,0,0,0,0,0,0,0,0,0,0,,,0,0,0,0,"Kyle Tyler",22092,667725
"Hunter Greene","CIN",9,0,0,0,0,0,0,0,0,0,0,0,0,0,,,0,0,0,0,"Hunter Greene",22182,668881
"Tobias Myers","MIL",4,0,0,0,0,0,0,0,0,0,0,0,0,0,,,0,0,0,0,"Tobias Myers",22191,668964
"MacKenzie Gore","WSN",8,0,0,0,0,0,0,0,0,0,0,0,0,0,,,0,0,0,0,"MacKenzie Gore",22201,669022
"DL Hall","MIL",4,0,0,0,0,0,0,0,0,0,0,0,0,0,,,0,0,0,0,"DL Hall",22207,669084
"Jeremiah Estrada","SDP",8,0,0,0,0,0,0,0,0,0,0,0,0,0,,,0,0,0,0,"Jeremiah Estrada",22210,669093
"Trevor Rogers","MIA",9,0,0,0,0,0,0,0,0,0,0,0,0,0,,,0,0,0,0,"Trevor Rogers",22286,669432
"Matthew Liberatore","STL",15,0,0,0,0,0,0,0,0,0,0,0,0,0,,,0,0,0,0,"Matthew Liberatore",22294,669461
"Jose Hernandez","PIT",6,0,0,0,0,0,0,0,0,0,0,0,0,0,,,0,0,0,0,"Jose Hernandez",22318,669796
"Colin Holderman","PIT",13,0,0,0,0,0,0,0,0,0,0,0,0,0,,,0,0,0,0,"Colin Holderman",22361,670059
"Logan Gillaspie","SDP",1,0,0,0,0,0,0,0,0,0,0,0,0,0,,,0,0,0,0,"Logan Gillaspie",22461,670810
"Roansy Contreras","PIT",12,0,0,0,0,0,0,0,0,0,0,0,0,0,,,0,0,0,0,"Roansy Contreras",22810,672710
"Joan Adon","WSN",1,0,0,0,0,0,0,0,0,0,0,0,0,0,,,0,0,0,0,"Joan Adon",22925,672851
"Dedniel Núñez","NYM",4,0,0,0,0,0,0,0,0,0,0,0,0,0,,,0,0,0,0,"Dedniel Nunez",23055,673380
"Eduardo Salazar","LAD",1,0,0,0,0,0,0,0,0,0,0,0,0,0,,,0,0,0,0,"Eduardo Salazar",23135,674285
"Michael Grove","LAD",17,0,0,0,0,0,0,0,0,0,0,0,0,0,,,0,0,0,0,"Michael Grove",23221,675627
"José Buttó","NYM",7,0,0,0,0,0,0,0,0,0,0,0,0,0,,,0,0,0,0,"Jose Butto",23313,676130
"Robert Garcia","WSN",17,0,0,0,0,0,0,0,0,0,0,0,0,0,,,0,0,0,0,"Robert Garcia",23363,676395
"Ricky Vanasco","LAD",1,0,0,0,0,0,0,0,0,0,0,0,0,0,,,0,0,0,0,"Ricky Vanasco",23391,676568
"Tom Cosgrove","SDP",15,0,0,0,0,0,0,0,0,0,0,0,0,0,,,0,0,0,0,"Tom Cosgrove",23443,676680
"Hunter Stratton","PIT",20,0,0,0,0,0,0,0,0,0,0,0,0,0,,,0,0,0,0,"Hunter Stratton",23455,676702
"Brandon Hughes","ARI",3,0,0,0,0,0,0,0,0,0,0,0,0,0,,,0,0,0,0,"Brandon Hughes",23460,676714
"Keaton Winn","SFG",9,0,0,0,0,0,0,0,0,0,0,0,0,0,,,0,0,0,0,"Keaton Winn",23499,676775
"Aaron Ashby","MIL",1,0,0,0,0,0,0,0,0,0,0,0,0,0,,,0,0,0,0,"Aaron Ashby",23550,676879
"Ben Brown","CHC",10,0,0,0,0,0,0,0,0,0,0,0,0,0,,,0,0,0,0,"Ben Brown",23590,676962
"Josh Walker","NYM",4,0,0,0,0,0,0,0,0,0,0,0,0,0,,,0,0,0,0,"Josh Walker",23617,677020
"Ryan Weathers","MIA",9,0,0,0,0,0,0,0,0,0,0,0,0,0,,,0,0,0,0,"Ryan Weathers",23796,677960
"Ray Kerr","ATL",3,0,0,0,0,0,0,0,0,0,0,0,0,0,,,0,0,0,0,"Ray Kerr",23809,678061
"Randy Rodríguez","SFG",4,0,0,0,0,0,0,0,0,0,0,0,0,0,,,0,0,0,0,"Randy Rodriguez",23974,678495
"Kai-Wei Teng","SFG",4,0,0,0,0,0,0,0,0,0,0,0,0,0,,,0,0,0,0,"Kai-Wei Teng",24282,678906
"Justin Martinez","ARI",10,0,0,0,0,0,0,0,0,0,0,0,0,0,,,0,0,0,0,"Justin Martinez",24453,679885
"Josiah Gray","WSN",2,0,0,0,0,0,0,0,0,0,0,0,0,0,,,0,0,0,0,"Josiah Gray",24580,680686
"Victor Vodnik","COL",18,0,0,0,0,0,0,0,0,0,0,0,0,0,,,0,0,0,0,"Victor Vodnik",24614,680767
"Randy Vásquez","SDP",4,0,0,0,0,0,0,0,0,0,0,0,0,0,,,0,0,0,0,"Randy Vasquez",24719,681190
"Gus Varland","LAD",7,0,0,0,0,0,0,0,0,0,0,0,0,0,,,0,0,0,0,"Gus Varland",24737,681402
"Kyle Leahy","STL",5,0,0,0,0,0,0,0,0,0,0,0,0,0,,,0,0,0,0,"Kyle Leahy",24763,681517
"Ryan Fernandez","STL",15,0,0,0,0,0,0,0,0,0,0,0,0,0,,,0,0,0,0,"Ryan Fernandez",24862,681676
"Alex Vesia","LAD",20,0,0,0,0,0,0,0,0,0,0,0,0,0,,,0,0,0,0,"Alex Vesia",25007,681911
"Roddery Muñoz","MIA",3,0,0,0,0,0,0,0,0,0,0,0,0,0,,,0,0,0,0,"Roddery Munoz",25311,682610
"Abner Uribe","MIL",14,0,0,0,0,0,0,0,0,0,0,0,0,0,,,0,0,0,0,"Abner Uribe",25327,682842
"Nick Mears","COL",18,0,0,0,0,0,0,0,0,0,0,0,0,0,,,0,0,0,0,"Nick Mears",25376,683232
"Jhony Brito","SDP",14,0,0,0,0,0,0,0,0,0,0,0,0,0,,,0,0,0,0,"Jhony Brito",25386,666745
"Matt Waldron","SDP",9,0,0,0,0,0,0,0,0,0,0,0,0,0,,,0,0,0,0,"Matt Waldron",25550,663362
"Declan Cronin","MIA",13,0,0,0,0,0,0,0,0,0,0,0,0,0,,,0,0,0,0,"Declan Cronin",25645,686539
"Nick Avila","SFG",7,0,0,0,0,0,0,0,0,0,0,0,0,0,,,0,0,0,0,"Nick Avila",25667,687014
"Noah Davis","COL",1,0,0,0,0,0,0,0,0,0,0,0,0,0,,,0,0,0,0,"Noah Davis",25862,663562
"Zack Thompson","STL",5,0,0,0,0,0,0,0,0,0,0,0,0,0,,,0,0,0,0,"Zack Thompson",25918,668868
"Casey Legumina","CIN",1,0,0,0,0,0,0,0,0,0,0,0,0,0,,,0,0,0,0,"Casey Legumina",25921,668984
"Darius Vines","ATL",2,0,0,0,0,0,0,0,0,0,0,0,0,0,,,0,0,0,0,"Darius Vines",25928,670241
"Andrew Nardi","MIA",21,0,0,0,0,0,0,0,0,0,0,0,0,0,,,0,0,0,0,"Andrew Nardi",25942,677053
"Quinn Priester","PIT",5,0,0,0,0,0,0,0,0,0,0,0,0,0,,,0,0,0,0,"Quinn Priester",25977,682990
"Anthony Maldonado","MIA",9,0,0,0,0,0,0,0,0,0,0,0,0,0,,,0,0,0,0,"Anthony Maldonado",26034,687424
"Andre Pallante","STL",9,0,0,0,0,0,0,0,0,0,0,0,0,0,,,0,0,0,0,"Andre Pallante",26108,669467
"Andrew Saalfrank","ARI",2,0,0,0,0,0,0,0,0,0,0,0,0,0,,,0,0,0,0,"Andrew Saalfrank",26203,685314
"Jackson Rutledge","WSN",1,0,0,0,0,0,0,0,0,0,0,0,0,0,,,0,0,0,0,"Jackson Rutledge",26215,671131
"Nick Robertson","STL",7,0,0,0,0,0,0,0,0,0,0,0,0,0,,,0,0,0,0,"Nick Robertson",26226,687798
"Erik Miller","SFG",22,0,0,0,0,0,0,0,0,0,0,0,0,0,,,0,0,0,0,"Erik Miller",26252,669062
"Ryne Nelson","ARI",7,0,0,0,0,0,0,0,0,0,0,0,0,0,,,0,0,0,0,"Ryne Nelson",26253,669194
"Blake Walston","ARI",1,0,0,0,0,0,0,0,0,0,0,0,0,0,,,0,0,0,0,"Blake Walston",26270,686796
"Tommy Henry","ARI",6,0,0,0,0,0,0,0,0,0,0,0,0,0,,,0,0,0,0,"Tommy Henry",26285,674072
"Bryan Hoeing","MIA",11,0,0,0,0,0,0,0,0,0,0,0,0,0,,,0,0,0,0,"Bryan Hoeing",26304,663773
"Nick Lodolo","CIN",6,0,0,0,0,0,0,0,0,0,0,0,0,0,,,0,0,0,0,"Nick Lodolo",26378,666157
"Anthony Molina","COL",9,0,0,0,0,0,0,0,0,0,0,0,0,0,,,0,0,0,0,"Anthony Molina",26952,683627
"Max Meyer","MIA",3,0,0,0,0,0,0,0,0,0,0,0,0,0,,,0,0,0,0,"Max Meyer",27474,676974
"Bryce Jarvis","ARI",16,0,0,0,0,0,0,0,0,0,0,0,0,0,,,0,0,0,0,"Bryce Jarvis",27477,686826
"Bobby Miller","LAD",3,0,0,0,0,0,0,0,0,0,0,0,0,0,,,0,0,0,0,"Bobby Miller",27483,676272
"Landon Knack","LAD",3,0,0,0,0,0,0,0,0,0,0,0,0,0,,,0,0,0,0,"Landon Knack",27487,689017
"Spencer Strider","ATL",2,0,0,0,0,0,0,0,0,0,0,0,0,0,,,0,0,0,0,"Spencer Strider",27498,675911
"Slade Cecconi","ARI",5,0,0,0,0,0,0,0,0,0,0,0,0,0,,,0,0,0,0,"Slade Cecconi",27500,677944
"Kyle Hurt","LAD",3,0,0,0,0,0,0,0,0,0,0,0,0,0,,,0,0,0,0,"Kyle Hurt",27514,669165
"Jared Koenig","MIL",12,0,0,0,0,0,0,0,0,0,0,0,0,0,,,0,0,0,0,"Jared Koenig",27517,657649
"Graham Ashcraft","CIN",8,0,0,0,0,0,0,0,0,0,0,0,0,0,,,0,0,0,0,"Graham Ashcraft",27552,668933
"Carmen Mlodzinski","PIT",1,0,0,0,0,0,0,0,0,0,0,0,0,0,,,0,0,0,0,"Carmen Mlodzinski",27572,669387
"Hayden Wesneski","CHC",7,0,0,0,0,0,0,0,0,0,0,0,0,0,,,0,0,0,0,"Hayden Wesneski",27581,669713
"Mitchell Parker","WSN",6,0,0,0,0,0,0,0,0,0,0,0,0,0,,,0,0,0,0,"Mitchell Parker",27636,680730
"Luis L. Ortiz","PIT",14,0,0,0,0,0,0,0,0,0,0,0,0,0,,,0,0,0,0,"Luis L. Ortiz",27646,682847
"Carson Spiers","CIN",1,0,0,0,0,0,0,0,0,0,0,0,0,0,,,0,0,0,0,"Carson Spiers",27685,686730
"Kyle Harrison","SFG",9,0,0,0,0,0,0,0,0,0,0,0,0,0,,,0,0,0,0,"Kyle Harrison",27758,690986
"Kyle Nicolas","PIT",7,0,0,0,0,0,0,0,0,0,0,0,0,0,,,0,0,0,0,"Kyle Nicolas",27775,693312
"Bryce Elder","ATL",4,0,0,0,0,0,0,0,0,0,0,0,0,0,,,0,0,0,0,"Bryce Elder",27779,693821
"Brandon Pfaadt","ARI",9,0,0,0,0,0,0,0,0,0,0,0,0,0,,,0,0,0,0,"Brandon Pfaadt",27782,694297
"Gavin Stone","LAD",8,0,0,0,0,0,0,0,0,0,0,0,0,0,,,0,0,0,0,"Gavin Stone",27792,694813
"Jared Jones","PIT",9,0,0,0,0,0,0,0,0,0,0,0,0,0,,,0,0,0,0,"Jared Jones",27863,683003
"Daniel Palencia","CHC",7,0,0,0,0,0,0,0,0,0,0,0,0,0,,,0,0,0,0,"Daniel Palencia",27914,694037
"Luke Little","CHC",12,0,0,0,0,0,0,0,0,0,0,0,0,0,,,0,0,0,0,"Luke Little",28036,681432
"Robert Gasser","MIL",2,0,0,0,0,0,0,0,0,0,0,0,0,0,,,0,0,0,0,"Robert Gasser",29812,688107
"Andrew Abbott","CIN",9,0,0,0,0,0,0,0,0,0,0,0,0,0,,,0,0,0,0,"Andrew Abbott",29911,671096
"Grant Hartwig","NYM",4,0,0,0,0,0,0,0,0,0,0,0,0,0,,,0,0,0,0,"Grant Hartwig",29946,701643
"Landen Roupp","SFG",10,0,0,0,0,0,0,0,0,0,0,0,0,0,,,0,0,0,0,"Landen Roupp",30076,694738
"Jordan Wicks","CHC",5,0,0,0,0,0,0,0,0,0,0,0,0,0,,,0,0,0,0,"Jordan Wicks",30094,696136
"Christian Scott","NYM",3,0,0,0,0,0,0,0,0,0,0,0,0,0,,,0,0,0,0,"Christian Scott",30107,681035
"Robert Suarez","SDP",18,0,0,0,0,0,0,0,0,0,0,0,0,0,,,0,0,0,0,"Robert Suarez",30115,663158
"Mason Black","SFG",3,0,0,0,0,0,0,0,0,0,0,0,0,0,,,0,0,0,0,"Mason Black",30171,696131
"Chris Roycroft","STL",4,0,0,0,0,0,0,0,0,0,0,0,0,0,,,0,0,0,0,"Chris Roycroft",31261,688297
"Orion Kerkering","PHI",12,0,0,0,0,0,0,0,0,0,0,0,0,0,,,0,0,0,0,"Orion Kerkering",31776,689147
"Paul Skenes","PIT",2,0,0,0,0,0,0,0,0,0,0,0,0,0,,,0,0,0,0,"Paul Skenes",33677,694973
"Yoshinobu Yamamoto","LAD",9,0,0,0,0,0,0,0,0,0,0,0,0,0,,,0,0,0,0,"Yoshinobu Yamamoto",33825,808967
"Yuki Matsui","SDP",21,0,0,0,0,0,0,0,0,0,0,0,0,0,,,0,0,0,0,"Yuki Matsui",33826,673513
"Shota Imanaga","CHC",8,0,0,0,0,0,0,0,0,0,0,0,0,0,,,0,0,0,0,"Shota Imanaga",33829,684007
"Forrest Wall","ATL",2,1,0,1,0,0,0,0,0,0,0,0,0,0,0.424,-100,0.03259862959384918,-0.21224174155262182,0.096604039426893,-0.008604605016994178,"Forrest Wall",16496,657088
"Stuart Fairchild","CIN",34,90,3,11,11,5,0.088888888,0.222222222,0.1375,0.245614035,0.2125,0.292134831,0.35,0.2902351383412822,0.332,81.3456892609756,0.28868403704836965,-1.650369323032631,-1.4426229894161224,-0.009683520936941782,"Stuart Fairchild",20321,656413
"Janson Junk","MIL",3,0,0,0,0,0,0,0,0,0,0,0,0,0,,,0,0,-0.10802468657493591,-0.011294133375995061,"Janson Junk",23301,676083
"José Fermín","STL",9,18,0,1,0,1,0.111111111,0.111111111,0,0.23076923,0.2,0.333333333,0.2,0.2663414544529385,0.252,72.65566639485704,0.24719959404319525,-0.321270854401809,-0.3910105414688587,-0.011731387034485188,"Jose Fermin",21746,665877
"Nick Fortes","MIA",33,87,2,7,8,0,0.034482758,0.114942528,0.097560975,0.157142857,0.158536585,0.197674418,0.25609756,0.20446554519409357,0.263,27.820768466084072,-0.5001101170200855,-7.752807394996085,4.678165853023529,-0.018221361619948334,"Nick Fortes",21538,663743
"Chris Roller","MIL",1,1,0,0,0,0,0,1,0,0,0,0,0,0,0,-100,0,-0.24345606072214315,0.006222471944056451,-0.0213176265064983,"Chris Roller",23557,676896
"Matt Carpenter","STL",7,31,0,3,2,0,0.096774193,0.29032258,0.037037037,0.388888888,0.259259259,0.333333333,0.296296296,0.29049760699272154,0.268,89.05831012128682,-0.23646234115585685,-0.6282169724187987,-0.6481481194496155,-0.025395894853106497,"Matt Carpenter",8090,572761
"Jorge Soler","SFG",35,141,5,15,8,0,0.106382978,0.234042553,0.154471545,0.232558139,0.203252032,0.29787234,0.357723577,0.2959706888976672,0.316,94.20536519858437,-0.32722572749480605,-1.2708806879096035,-3.672839403152466,-0.025420247468579238,"Jorge Soler",14221,624585
"David Fletcher","ATL",5,9,0,0,2,0,0,0.111111111,0,0.25,0.25,0.222222222,0.25,0.19834045569101968,0.144,22.688418775129872,-0.015304396860301495,-0.8189324882142672,0.2674955241382122,-0.026284193654218743,"David Fletcher",17992,664058
"Jason Delay","PIT",1,5,0,0,1,0,0.2,0,0,0,0,0.25,0,0.17372269928455353,0.356,5.989951728504166,-0.007652198430150747,-0.5505428010738765,0.11290753819048405,-0.02832798474932537,"Jason Delay",19806,641511
"Eddie Rosario","WSN",35,118,5,15,12,6,0.084745762,0.237288135,0.188679245,0.189189189,0.179245283,0.247863247,0.367924528,0.27206167043783724,0.283,73.78508704086767,1.25831090612337,-2.3144049012702848,-1.8929039239883423,-0.028593447865738156,"Eddie Rosario",12155,592696
"Andruw Monasterio","MIL",10,20,0,3,1,1,0.2,0.3,0,0.1,0.0625,0.25,0.0625,0.18360476195812225,0.24,13.881082502079403,0.44598733307793736,-1.5432958075689387,0.5884265415370464,-0.030123331338270956,"Andruw Monasterio",19455,655316
"Marco Luciano","SFG",2,5,0,0,1,0,0,0.4,0,0.333333333,0.2,0.2,0.2,0.17850641012191773,0.228,14.444123743948662,-0.007652198430150747,-0.5017215247879245,0.04629628732800484,-0.030187951688303537,"Marco Luciano",25616,682617
"Luis Matos","SFG",6,21,1,2,11,0,0,0,0.238095238,0.3,0.333333333,0.333333333,0.571428571,0.3911950247628348,0.339,158.865118141851,-0.031632539932616055,1.3960950722883356,-2.436549425125122,-0.03558589302709014,"Luis Matos",26467,682641
"Brett Sullivan","SDP",3,2,0,0,0,0,0,1,0,0,0,0,0,0,0,-100,0,-0.4741855165057792,-0.0033599473536014557,-0.04295709218865395,"Brett Sullivan",18217,664954
"Victor Robles","WSN",10,26,0,2,2,3,0.153846153,0.23076923,0,0.142857142,0.105263157,0.28,0.105263157,0.2116558289527893,0.261,32.767979898385086,0.3753750859759748,-1.6435376730459312,0.3218126446008682,-0.04756573958725706,"Victor Robles",18363,645302
"Jakson Reetz","SFG",5,12,1,1,1,0,0,0.333333333,0.25,0,0.083333333,0.083333333,0.333333333,0.1745700240135193,0.265,11.771217170793415,0,-1.2228116792539092,0.3124666251242161,-0.053352101170359684,"Jakson Reetz",17837,656883
"Tyrone Taylor","NYM",33,95,2,10,13,4,0.031578947,0.210526315,0.111111111,0.289855072,0.244444444,0.265957446,0.355555555,0.2729268067694725,0.312,79.37441712209878,0.607420205604285,-1.6556492339130995,-2.04348486661911,-0.05562910061457825,"Tyrone Taylor",13675,621438
"Sean Murphy","ATL",1,3,0,0,0,0,0,0.333333333,0,0,0,0,0,0,0.086,-100,0,-0.734521113439413,0.09016919136047363,-0.05691146284099283,"Sean Murphy",19352,669221
"Conner Capel","CIN",5,8,0,1,0,1,0,0.25,0,0.333333333,0.25,0.25,0.25,0.22313301265239716,0.187,35.78163434170747,0.184669480768207,-0.40868917182759334,-0.4465171955525875,-0.06152919318367135,"Conner Capel",19983,668843
"Miles Mastrobuoni","CHC",17,39,0,5,2,0,0.128205128,0.205128205,0.029411765,0.192307692,0.147058823,0.256410256,0.176470588,0.21332424879074097,0.348,35.26694055701629,0.3331764475442469,-2.5826306212252983,0.5725976526737213,-0.07421806737537517,"Miles Mastrobuoni",20017,670156
"Jonah Bride","MIA",7,13,0,1,2,0,0.076923076,0.153846153,0.083333334,0.2,0.166666666,0.23076923,0.25,0.22019125865055963,0.305,38.49892901940588,-0.01816106028854847,-0.9415700007648952,-0.2085757553577423,-0.07493812298499686,"Jonah Bride",24703,681146
"Manny Machado","SDP",42,179,5,20,23,2,0.072625698,0.234636871,0.120481928,0.260504201,0.216867469,0.273743016,0.337349397,0.27187663986441796,0.319,79.3294687853747,0.26483677234500647,-4.008555032973895,-2.757742404937744,-0.08352504501895536,"Manny Machado",11493,592518
"Jacob Hurtubise","CIN",4,5,0,0,0,0,0.2,0.2,0,0,0,0.2,0,0.13897815942764283,0.249,-21.36165753899672,-0.007652198430150747,-0.7084932745767342,-0.2586563006043434,-0.08368945310628093,"Jacob Hurtubise",27599,674441
"Luke Williams","ATL",5,2,0,1,0,0,0,0.5,0,0,0,0.5,0,0.3633842170238495,0.364,134.7573424977249,-0.9476492158137262,-0.8673623317547355,0,-0.08371299565678116,"Luke Williams",19931,663897
"Tristan Gray","MIA",5,5,0,0,0,0,0,0.4,0,0,0,0,0,0,0.205,-100,0,-1.2185814730061626,0.23352660797536373,-0.08556147641975125,"Tristan Gray",19877,656484
"Jared Triolo","PIT",41,165,2,8,15,3,0.115151515,0.248484848,0.055555556,0.262135922,0.201388888,0.29090909,0.256944444,0.25609717585823755,0.294,61.92432245099552,-0.940710099413991,-8.19674943832991,1.794991374015808,-0.09420865748694687,"Jared Triolo",25807,669707
"Gavin Lux","LAD",34,125,1,14,11,1,0.072,0.216,0.068965517,0.25,0.198275862,0.256,0.267241379,0.23887173318862914,0.276,54.045394668375536,0.7484413045458496,-5.88604188141391,0.7903924286365509,-0.09707235456548244,"Gavin Lux",19955,666158
"James Outman","LAD",36,124,3,10,10,2,0.104838709,0.322580645,0.119266055,0.196969696,0.14678899,0.25,0.266055045,0.24116677911050857,0.295,55.603789389156766,-0.07118036225438118,-6.429401554817832,1.352478176355362,-0.09859999695307708,"James Outman",24770,681546
"Jeff McNeil","NYM",43,169,1,15,8,2,0.088757396,0.124260355,0.072847682,0.263565891,0.231788079,0.309523809,0.304635761,0.28201238420747576,0.29,85.54375594867808,-0.39052651496604085,-3.2122224995748305,-3.502629518508911,-0.11300115254801871,"Jeff McNeil",15362,643446
"Jordan Beck","COL",16,55,2,4,7,1,0,0.381818181,0.145454545,0.34375,0.236363636,0.236363636,0.381818181,0.2685926556587219,0.272,56.694054524582945,0.32554957130923873,-2.425372313789647,-0.48919177055358887,-0.11302039359130468,"Jordan Beck",31431,687597
"Tucker Barnhart","ARI",16,52,0,9,1,1,0.173076923,0.269230769,0.048780488,0.296296296,0.195121951,0.34,0.243902439,0.2831867301464081,0.268,81.50069497455878,0.16438168799504638,-0.9466509090458468,-1.905487298965454,-0.11695011977864456,"Tucker Barnhart",10200,571466
"Bubba Thompson","CIN",17,18,0,5,0,5,0,0.611111111,0.055555555,0.285714285,0.111111111,0.111111111,0.166666666,0.12042197585105896,0.191,-33.96177950078933,1.2600496807135642,-1.5249263207853883,-0.2099403813481331,-0.1186441234047391,"Bubba Thompson",22261,669352
"Brett Wisely","SFG",3,5,0,0,0,0,0,0.6,0,0,0,0,0,0,0.025,-100,0,-1.1940369508399105,-0.145218295045197,-0.12259362592218716,"Brett Wisely",27735,689172
"Jhonny Pereda","MIA",3,5,0,0,0,0,0,0.2,0,0,0,0,0,0,0.303,-100,0,-1.2185814730061626,-0.1327901892364025,-0.12386041434545453,"Jhonny Pereda",19802,640902
"Miguel Amaya","CHC",31,102,2,8,12,0,0.058823529,0.215686274,0.10989011,0.217391304,0.186813186,0.247524752,0.296703296,0.24447936232727352,0.277,56.422057323007834,-0.8459367584437132,-5.979689398041155,1.361601635813713,-0.12730864322446184,"Miguel Amaya",21693,665804
"Paul Goldschmidt","STL",42,186,4,21,16,2,0.096774193,0.322580645,0.091463414,0.31,0.213414634,0.298913043,0.304878048,0.2757493417119719,0.304,79.0438618110849,0.21271329885348678,-4.289149363987328,-3.1552489176392555,-0.1300230857286539,"Paul Goldschmidt",9218,502671
"Alika Williams","PIT",19,59,0,7,2,1,0.033898305,0.20338983,0.094339623,0.31707317,0.245283018,0.272727272,0.339622641,0.2696154377677224,0.256,71.10356709836509,0.17816445045173168,-1.7909197644358943,-1.426804929971695,-0.1307743435546385,"Alika Williams",27604,675961
"Taylor Trammell","LAD",5,6,0,0,0,0,0,0.5,0,0,0,0,0,0,0.161,-100,0,-1.442465111819927,-0.009123250842094421,-0.13085273187905688,"Taylor Trammell",19960,666211
"Blaze Alexander","ARI",32,98,3,13,15,1,0.112244897,0.244897959,0.16091954,0.316666666,0.252873563,0.336734693,0.413793103,0.33468455015396587,0.294,116.46902831657715,-0.465697409119457,1.3983720716841141,-5.9579340517520905,-0.13513160963435691,"Blaze Alexander",23789,677942
"TJ Friedl","CIN",6,24,0,2,2,2,0,0.166666666,0.045454546,0.222222222,0.181818181,0.25,0.227272727,0.22525818894306818,0.28,37.22468325002693,0.5941586685366929,-1.1459172574641765,-1.0500358194112778,-0.14593847510745095,"TJ Friedl",19522,670770
"Nasim Nuñez","WSN",11,6,0,4,0,2,0,0.166666666,0,0,0,0,0,0,0.115,-100,0.06336332857608795,-1.398485213724796,-0.3141167327994481,-0.15814207029376698,"Nasim Nunez",25979,683083
"Mike Ford","CIN",10,37,1,2,4,0,0.027027027,0.216216216,0.138888889,0.222222222,0.194444444,0.216216216,0.333333333,0.23977656944378004,0.232,47.083033930903234,-0.17614652309566736,-2.4374804820049936,-0.347959041595459,-0.1622588763512452,"Mike Ford",15585,645801
"Whit Merrifield","PHI",25,94,2,10,4,4,0.085106382,0.09574468,0.105882353,0.189189189,0.188235294,0.258064516,0.294117647,0.2515252694006889,0.275,59.69701378481442,0.7342108408920467,-3.641343922535879,-1.1300508677959442,-0.17122094828738743,"Whit Merrifield",11281,593160
"Austin Slater","SFG",25,49,0,3,1,1,0.163265306,0.244897959,0,0.185185185,0.128205128,0.306122448,0.128205128,0.2341902754744705,0.314,52.25488864883919,-0.42841371381655335,-3.130461558305426,-0.14102110266685486,-0.17124961354551574,"Austin Slater",16153,596103
"Henry Davis","PIT",23,83,0,7,4,0,0.13253012,0.34939759,0.044117647,0.268292682,0.161764705,0.280487804,0.205882352,0.23580505062894122,0.254,48.14545182828028,-0.08484084717929363,-5.05571754860055,0.619468592107296,-0.1745212571793461,"Henry Davis",29617,680779
"Charlie Blackmon","COL",37,147,1,19,18,2,0.081632653,0.115646258,0.119402985,0.267241379,0.23880597,0.306122448,0.358208955,0.2944660982857012,0.305,74.26278202320363,0.39445037627592683,-3.975202917389632,-2.6214120984077454,-0.17731986440331782,"Charlie Blackmon",7859,453568
"Hunter Goodman","COL",8,24,2,2,4,0,0.083333333,0.333333333,0.285714285,0,0.095238095,0.208333333,0.38095238,0.26275960852702457,0.327,52.73326673840163,-0.022956595290452242,-1.3331483857483977,-1.2545137405395508,-0.1868922088225684,"Hunter Goodman",29715,696100
"Kris Bryant","COL",13,55,1,3,6,0,0.072727272,0.327272727,0.106382978,0.214285714,0.14893617,0.272727272,0.255319148,0.25275877172296696,0.276,45.94244345671536,-0.0734676942229271,-3.507363749772791,-0.2706539034843445,-0.20329568232845519,"Kris Bryant",15429,592178
"Joey Wendle","NYM",18,37,0,3,1,1,0.027027027,0.243243243,0.027777778,0.296296296,0.222222222,0.243243243,0.25,0.2220994234085083,0.246,44.86132736397087,0.3648662008345127,-1.9914093407040192,-1.244377613067627,-0.20934333549810663,"Joey Wendle",13853,621563
"Kyle Higashioka","SDP",13,37,1,2,2,0,0,0.432432432,0.135135135,0.25,0.162162162,0.162162162,0.297297297,0.1979071207948633,0.207,29.10227859376333,-0.16424006270244718,-3.1939569367929237,-0.1911112666130066,-0.22495090074417884,"Kyle Higashioka",5517,543309
"Jordan Walker","STL",20,67,0,4,4,0,0.089552238,0.268656716,0.103448276,0.214285714,0.155172413,0.23880597,0.258620689,0.22665428670484628,0.307,45.707067191779714,0.40621352521702647,-3.795110222794765,-0.6433704197406769,-0.23052226110035032,"Jordan Walker",27475,691023
"Emmanuel Rivera","MIA",33,89,0,5,5,1,0.078651685,0.235955056,0.025316456,0.27118644,0.202531645,0.280898876,0.227848101,0.24003762006759644,0.304,51.975114643482115,0.0063151284120976925,-4.930244504286425,-0.3128482811152935,-0.23796503848852482,"Emmanuel Rivera",19890,656896
"Jesús Sánchez","MIA",39,131,2,8,18,5,0.045801526,0.198473282,0.074380165,0.276595744,0.231404958,0.282442748,0.305785123,0.2663569341179069,0.366,69.84660021140434,-0.12911340594291687,-4.691327119477675,-2.1289798617362976,-0.25647485295546124,"Jesus Sanchez",19913,660821
"Owen Miller","MIL",9,17,0,2,2,0,0,0.411764705,0,0.2,0.117647058,0.117647058,0.117647058,0.1050037706599516,0.159,-39.4909954679035,-0.01719924120698124,-2.7560170245191418,-0.3412171006202698,-0.2645670392990054,"Owen Miller",24655,680911
"Corbin Carroll","ARI",43,187,2,18,14,8,0.101604278,0.176470588,0.060606061,0.221374045,0.187878787,0.278074866,0.248484848,0.24737806371189056,0.304,57.18569709248167,0.5772177306935191,-8.669732666991951,-0.12309268116950989,-0.2675175579380572,"Corbin Carroll",25878,682998
"Joey Wiemer","MIL",16,24,0,2,0,1,0.041666666,0.333333333,0,0.266666666,0.173913043,0.208333333,0.173913043,0.17770912498235703,0.248,9.877794615294455,0.01358847739174962,-2.484518869682677,-0.8823280036449432,-0.26835707335149606,"Joey Wiemer",27690,686894
"Wilmer Flores","SFG",38,128,1,9,13,0,0.09375,0.1328125,0.081081081,0.229166666,0.207207207,0.2890625,0.288288288,0.2608115734077814,0.273,70.33142897603328,-0.6056544478051364,-4.991715200804191,-1.9192228019237518,-0.27640689373585087,"Wilmer Flores",5827,527038
"Graham Pauley","SDP",13,32,2,4,5,0,0,0.46875,0.1875,0.133333333,0.125,0.125,0.3125,0.18671077117323875,0.215,21.499671614957425,0.19202226866036654,-2.709256740944076,-1.0050961375236511,-0.2768054774305145,"Graham Pauley",31363,688363
"Casey Schmitt","SFG",6,22,0,0,1,0,0,0.227272727,0.045454545,0.176470588,0.136363636,0.136363636,0.181818181,0.13909670981493863,0.205,-12.316067989240095,-0.015304396860301495,-2.8691640790625574,-0.6087764501571655,-0.28694303154873513,"Casey Schmitt",27577,669477
"Brandon Crawford","STL",10,31,0,1,0,0,0.096774193,0.354838709,0,0.176470588,0.107142857,0.193548387,0.107142857,0.15362156591107767,0.215,-3.8840130756230944,-0.10582452733069658,-3.825272225782701,-0.12949702143669128,-0.3054268278229418,"Brandon Crawford",5343,543063
"Garrett Stubbs","PHI",13,39,0,2,1,2,0.102564102,0.256410256,0,0.16,0.114285714,0.205128205,0.114285714,0.16281259976900542,0.206,-0.5411516925940458,0.4507121630012989,-4.07801864827309,-0.2747717367601581,-0.3191566602866437,"Garrett Stubbs",18067,596117
"Luke Maile","CIN",22,64,1,4,4,0,0.109375,0.34375,0.072727273,0.21875,0.145454545,0.265625,0.218181818,0.23504482116550207,0.272,43.87005615706616,0.06942622130736709,-4.079566049986346,-1.1375810503959656,-0.3223893773874315,"Luke Maile",13355,571912
"Lane Thomas","WSN",22,96,2,6,10,11,0.083333333,0.208333333,0.068965518,0.212121212,0.183908045,0.25,0.252873563,0.231710996478796,0.28,46.385950196477374,1.7762036537751555,-4.168331376137625,-2.195887267589569,-0.33078196946820393,"Lane Thomas",16939,657041
"Josh Bell","MIA",46,193,5,19,20,0,0.093264248,0.191709844,0.123529412,0.25,0.217647058,0.307291666,0.34117647,0.2934588122118206,0.29,88.24946672582448,-1.6227187835611403,-4.242004832496292,-5.804205536842346,-0.37764785085178676,"Josh Bell",13145,605137
"Dylan Carlson","STL",9,23,0,2,0,0,0.086956521,0.260869565,0,0.071428571,0.05,0.173913043,0.05,0.13082965560581372,0.229,-19.360301527034977,-0.022363617084920406,-3.1930682514109403,-1.2713128179311752,-0.3865913017533798,"Dylan Carlson",20126,666185
"Nick Madrigal","CHC",41,78,0,4,10,1,0.038461538,0.115384615,0.041666666,0.253968253,0.222222222,0.282051282,0.263888888,0.25247544737962574,0.26,61.85160303000568,-0.7905018259771168,-4.227180595819888,-2.2475191205739975,-0.4050715592219997,"Nick Madrigal",20521,663611
"Matt Mervis","CHC",9,28,0,1,3,0,0.035714285,0.285714285,0.038461538,0.166666666,0.115384615,0.148148148,0.153846153,0.13907475603951347,0.163,-15.150358905750474,-0.21843418525531888,-3.9422772614603603,-0.8670552968978882,-0.40522906719231394,"Matt Mervis",27845,670223
"Santiago Espinal","CIN",35,116,2,9,14,5,0.077586206,0.146551724,0.079207921,0.209302325,0.198019801,0.254385964,0.277227722,0.2392485753486031,0.271,46.72451247271229,0.490158146712929,-6.647462563300581,-1.1132987141609192,-0.4070828744853916,"Santiago Espinal",19997,669289
"Jace Peterson","ARI",14,26,0,2,1,0,0.115384615,0.23076923,0,0.058823529,0.045454545,0.153846153,0.045454545,0.11450786315477811,0.251,-33.03655821114223,-0.035715417470782995,-4.030675027235416,-0.743982195854187,-0.40857467172176726,"Jace Peterson",12325,607054
"Alan Trejo","COL",13,25,0,0,0,0,0,0.24,0,0.105263157,0.08,0.08,0.08,0.07140256404876709,0.179,-77.20304741386967,-0.015533612546278164,-5.132107370863832,0.3741850219666958,-0.4103104968912237,"Alan Trejo",20056,676701
"Tim Anderson","MIA",36,128,0,9,6,3,0.046875,0.296875,0.024590164,0.285714285,0.196721311,0.234375,0.221311475,0.20888834679499269,0.223,30.823963565666062,0.14044452784582973,-10.086212435429056,1.7331096529960632,-0.42718725597140805,"Tim Anderson",15172,641313
"Tom Murphy","SFG",13,38,1,3,2,0,0.105263157,0.368421052,0.117647059,0.157894736,0.117647058,0.210526315,0.235294117,0.20880344980641416,0.249,35.01658647748476,0.0160956596955657,-2.835934813118677,-2.578238546848297,-0.4336112275246132,"Tom Murphy",13499,608596
"Christian Bethancourt","MIA",24,57,0,6,4,0,0.035087719,0.228070175,0.037735849,0.175,0.132075471,0.178571428,0.16981132,0.16302388054983957,0.245,-0.319178881507284,-0.04149596393108368,-6.6457971156079685,-0.04215127229690552,-0.5005620860376073,"Christian Bethancourt",10028,542194
"Michael Toglia","COL",15,49,4,7,8,0,0.020408163,0.408163265,0.255319149,0.04347826,0.106382978,0.142857142,0.361702127,0.21823576396825362,0.286,22.500440611570983,0.084746606182307,-4.30120017388004,-2.14857417345047,-0.5035444930927504,"Michael Toglia",25845,669911
"Yan Gomes","CHC",22,66,2,5,5,0,0.015151515,0.409090909,0.109375,0.277777777,0.1875,0.196969696,0.296875,0.2150367173281583,0.234,36.429750373923866,-0.042979336343705654,-4.888783920940769,-2.3208490014076233,-0.523735621200846,"Yan Gomes",9627,543228
"Christian Encarnacion-Strand","CIN",29,123,2,13,16,0,0.032520325,0.284552845,0.103448276,0.24691358,0.189655172,0.219512195,0.293103448,0.22635643898956176,0.306,37.97042304470249,0.13855727715417743,-8.673391720218046,-0.9411261081695557,-0.5764973779267986,"Christian Encarnacion-Strand",30011,687952
"Nick Martini","CIN",29,86,3,13,15,0,0.023255813,0.255813953,0.151898735,0.192982456,0.177215189,0.2,0.329113924,0.22739134816562429,0.253,38.67315277271733,-0.07357245869934559,-6.164972667290967,-2.4013330340385437,-0.5958680766576485,"Nick Martini",12005,605361
"Nolan Jones","COL",26,103,1,11,7,2,0.08737864,0.3592233,0.106382979,0.267857142,0.170212765,0.242718446,0.276595744,0.23217072966052035,0.231,31.962637756328956,0.23051238292828202,-7.863292615151714,-1.5959254503250122,-0.6299701661233205,"Nolan Jones",20529,666134
"Jake Burger","MIA",26,103,3,9,16,0,0.048543689,0.233009708,0.125,0.211267605,0.1875,0.22330097,0.3125,0.23586941749146842,0.289,49.14479877578687,-0.2585789687000215,-6.308373791326159,-3.5362486243247986,-0.6702647346387955,"Jake Burger",22275,669394
"Joey Meneses","WSN",39,169,1,7,21,2,0.082840236,0.195266272,0.046666666,0.268907563,0.22,0.289940828,0.266666666,0.25400660116048085,0.298,61.52523447019231,-0.23974571796134114,-7.749586518850121,-4.479349136352539,-0.6895063757389426,"Joey Meneses",14366,608841
"Omar Narváez","NYM",21,54,0,4,4,0,0.037037037,0.166666666,0.039215686,0.19047619,0.156862745,0.188679245,0.196078431,0.1753792627802435,0.195,13.137146604434955,-0.09970032051205635,-5.517162592882327,-2.8997262716293335,-0.6917816915741922,"Omar Narvaez",13338,553882
"Chris Taylor","LAD",26,72,0,4,5,1,0.125,0.416666666,0,0.161290322,0.083333333,0.211267605,0.083333333,0.16117529382168408,0.219,1.2875305321359014,-0.27754812920466065,-8.486213602033192,-0.8483154196292162,-0.7249836268080232,"Chris Taylor",13757,621035
"Rowdy Tellez","PIT",43,124,1,10,8,0,0.080645161,0.233870967,0.053571428,0.240963855,0.1875,0.258064516,0.241071428,0.23200606530712498,0.273,45.5658438939015,-0.7204629424959421,-8.516272544060694,-3.4953551292419434,-0.8236331140330289,"Rowdy Tellez",15679,642133
"Elehuris Montero","COL",39,144,2,10,15,0,0.069444444,0.201388888,0.090909091,0.27184466,0.227272727,0.277777777,0.318181818,0.2668380190928777,0.27,55.50261154079193,-1.8008794039487839,-9.20144750330227,-3.655468761920929,-0.8422996313032832,"Elehuris Montero",20543,660707
"Victor Scott II","STL",20,65,0,6,2,2,0.03076923,0.23076923,0.050847458,0.108695652,0.084745762,0.138461538,0.13559322,0.1300549708879911,0.203,-19.886332210349593,0.5453575244173408,-8.454819971588014,-1.9315110445022583,-0.8593493682667096,"Victor Scott II",31349,687363
"Jack Suwinski","PIT",45,147,3,14,12,4,0.102040816,0.258503401,0.106870229,0.208791208,0.167938931,0.25170068,0.27480916,0.23578529316803504,0.276,48.132036008370655,0.8711397456936538,-7.93497985495952,-5.785551488399506,-0.922135366433002,"Jack Suwinski",22244,669261
"Keibert Ruiz","WSN",25,100,2,5,6,0,0.03,0.17,0.07368421,0.157894736,0.147368421,0.19,0.221052631,0.1882080590724945,0.244,16.846346066491694,-0.20605741441249847,-9.809996169048317,-3.3869194984436035,-1.0312081629523906,"Keibert Ruiz",19610,660688
"Nick Castellanos","PHI",46,189,4,21,17,1,0.079365079,0.238095238,0.099415205,0.243902439,0.198830409,0.269841269,0.298245614,0.2587652146500885,0.29,64.61312127872023,-2.8902090159244835,-10.61473975839975,-5.640902042388916,-1.0407945863931822,"Nick Castellanos",11737,592206