Name,Team,W,L,SV,G,GS,IP,K/9,BB/9,HR/9,BABIP,LOB%,GB%,HR/FB,vFA (pi),ERA,xERA,FIP,xFIP,WAR,NameASCII,PlayerId,MLBAMID
"Tarik Skubal","DET",6,0,0,9,9,55,10.8,1.309090909090909,0.4909090909090909,0.24427480916030533,0.77889447,0.447761194,0.058823529,96.89538261217949,1.8,2.08,1.926475763320923,2.5205789889801635,2.066075086593628,"Tarik Skubal",22267,669373
"Tanner Houck","BOS",3,5,0,9,9,58,8.844827586206897,1.706896551724138,0.15517241379310345,0.2919254658385093,0.7028754,0.55625,0.028571428,,2.1724137931034484,3.39,2.2126826598726472,2.8366342181532547,1.9180450439453125,"Tanner Houck",19879,656557
"Kutter Crawford","BOS",2,2,0,9,9,52.1,8.942675376519741,2.7515924235445355,0.34394905294306694,0.27972027972027974,0.78671329,0.323943661,0.03030303,93.21837001459144,2.2356688441299353,3.03,2.6678770260635005,3.9434839169836815,1.7838600873947144,"Kutter Crawford",20531,676710
"Jon Gray","TEX",2,1,0,10,9,52,9.000000330118045,2.423077011954858,0.34615385885069405,0.30405405405405406,0.79037801,0.448979591,0.035714285,94.7586135204656,2.0769231531041643,3.71,2.434168045619535,3.4476816329573072,1.6942737102508545,"Jon Gray",14916,592351
"Yusei Kikuchi","TOR",2,3,0,9,9,52,9.51923076923077,1.7307692307692308,0.6923076923076923,0.30714285714285716,0.81712062,0.44055944,0.075471698,95.63605737433862,2.5961538461538463,2.73,2.5880142248593847,3.0204466919772903,1.6680749654769897,"Yusei Kikuchi",20633,579328
"Cole Ragans","KCR",3,3,0,10,10,56,10.285714285714286,2.892857142857143,0.48214285714285715,0.3150684931506849,0.70532915,0.427586206,0.057692307,96.45817764945652,3.6964285714285716,3.46,2.555047191892352,3.1636379570833277,1.5919113159179688,"Cole Ragans",21846,666142
"Reese Olson","DET",0,4,0,8,8,47.1,7.795774857313528,2.8521127526756813,0,0.24615384615384617,0.72,0.553846153,0,94.50208400451031,2.091549351962166,3.31,2.5349264516548558,3.7522847171093265,1.3610605001449585,"Reese Olson",24968,681857
"Mason Miller","OAK",0,0,8,14,0,18.1,18.654546748389972,2.454545624788154,0,0.2916666666666667,0.83333333,0.416666666,0,101.3077059659091,0.9818182499152617,0.74,-0.20079719472524182,0.6424461274224016,1.3363542556762695,"Mason Miller",31757,695243
"Seth Lugo","KCR",6,1,0,9,9,59.2,7.240223772282255,1.8100559430705638,0.7541899762794015,0.24096385542168675,0.90196078,0.411764705,0.072463768,92.68127725290698,1.6592179478146833,3.53,3.26055398132615,3.796413925748659,1.2810132503509521,"Seth Lugo",12447,607625
"Garrett Crochet","CHW",4,4,0,10,10,51.2,12.193548987286425,2.090322683534816,1.3935484556898772,0.27586206896551724,0.70093458,0.451612903,0.16,96.94310806997743,4.180645367069632,2.19,3.2426048012950797,2.5897713234547,1.2715574502944946,"Garrett Crochet",27463,676979
"Luis Castillo","SEA",4,5,0,9,9,54.1,10.60122724196609,1.8220859322129217,1.159509229590041,0.30935251798561153,0.76171875,0.351724137,0.111111111,95.64378720238095,3.3128835131144028,3.08,3.052856129696159,3.007590043075361,1.2612396478652954,"Luis Castillo",15689,622491
"Zack Littell","TBR",2,2,0,9,9,49.2,8.69798702255285,1.4496645037588083,0.7248322518794041,0.35333333333333333,0.76547231,0.352941176,0.066666666,93.14140833890374,3.44295319642717,3.29,2.8445965542567104,3.4954219506591406,1.2518216371536255,"Zack Littell",15823,641793
"George Kirby","SEA",4,3,0,9,9,50.1,9.119205528390784,0.894039757685371,0.894039757685371,0.2733812949640288,0.70454545,0.349650349,0.079365079,95.85292486496914,3.576159030741484,3.06,2.8681976111007046,3.335890523932448,1.2321631908416748,"George Kirby",25436,669923
"Joe Ryan","MIN",2,3,0,9,9,53,9.849056603773585,1.1886792452830188,1.1886792452830188,0.28776978417266186,0.68584071,0.368055555,0.116666666,93.74881565824468,3.5660377358490565,2.77,3.1076078387926214,2.981651732494247,1.2156884670257568,"Joe Ryan",21390,657746
"Nestor Cortes","NYY",2,4,0,10,10,60.2,8.456044310519221,1.7802198548461519,1.0384615819935885,0.26785714285714285,0.72463768,0.294797687,0.076923076,91.69478326612904,3.5604397096923037,2.69,3.3902120381129457,3.998320222759342,1.1753606796264648,"Nestor Cortes",17874,641482
"Patrick Sandoval","LAA",2,6,0,9,9,45,9.6,3.4,0.4,0.373134328358209,0.61011905,0.47368421,0.048780487,93.79496402877697,5,3.51,2.7709202077653674,3.4736229414741198,1.1552294492721558,"Patrick Sandoval",19447,663776
"Pablo López","MIN",4,3,0,9,9,50.1,10.370861189150304,1.4304636122965937,1.2516556607595193,0.296875,0.70135747,0.402985074,0.120689655,94.89169143021472,3.9337749338156325,2.88,3.1662108636624953,2.977737656662307,1.104349136352539,"Pablo Lopez",17085,641154
"Jack Flaherty","DET",0,3,0,8,8,48.2,11.650685540326553,1.1095890990787192,1.2945206155918392,0.33043478260869563,0.70135747,0.446280991,0.194444444,94.02645106403374,3.883561846775517,2.99,2.9620921930870385,2.131844118599675,1.089546799659729,"Jack Flaherty",17479,656427
"Corbin Burnes","BAL",3,2,0,9,9,53.2,8.217391693749834,2.3478261982142383,1.0062112278061022,0.24113475177304963,0.81140351,0.51369863,0.130434782,,2.6832299408162723,2.9,3.536413670945631,3.2876307438907557,1.0409339666366577,"Corbin Burnes",19361,669203
"Bailey Ober","MIN",4,1,0,8,8,43,9.418604651162791,1.6744186046511629,1.0465116279069768,0.23809523809523808,0.65625,0.3,0.087719298,92.08858647520243,3.7674418604651163,3.2,3.1729873912278994,3.5243387876901515,1.0174283981323242,"Bailey Ober",21224,641927
"Emmanuel Clase","CLE",2,1,13,23,0,22.1,9.268657244136142,0.8059701951422731,0,0.22641509433962265,0.78571429,0.538461538,0,,0.40298509757113654,2.39,1.3354308852269827,2.0905741494113803,0.9849352836608887,"Emmanuel Clase",21032,661403
"Clarke Schmidt","NYY",5,1,0,9,9,50.2,9.769737332481451,2.664473817949487,0.8881579393164956,0.29838709677419356,0.85454545,0.379844961,0.102040816,,2.4868422300861877,3.71,3.4225284097597553,3.4988086740961255,0.9285654425621033,"Clarke Schmidt",19899,657376
"Logan Gilbert","SEA",3,2,0,9,9,58.2,9.357954951110967,2.7613637560655313,1.0738636829143733,0.22627737226277372,0.77922078,0.408450704,0.114754098,96.04301199261992,3.0681819511839237,3.1,3.5185212348610913,3.4286871140172717,0.915038526058197,"Logan Gilbert",22250,669302
"Erick Fedde","CHW",4,0,0,9,9,52,8.653846153846153,2.423076923076923,1.2115384615384615,0.2446043165467626,0.86864407,0.458904109,0.129629629,,2.5961538461538463,3.44,3.876475763320923,3.5859352581202986,0.9099339842796326,"Erick Fedde",17425,607200
"Brady Singer","KCR",3,2,0,9,9,50.2,9.236842568891554,2.8421054058127857,0.8881579393164956,0.2631578947368421,0.82352941,0.510948905,0.119047619,92.17388613861387,2.8421054058127857,4.41,3.4225284097597553,3.3046408075859386,0.8603758215904236,"Brady Singer",25377,663903
"Clay Holmes","NYY",1,0,13,19,0,19.1,10.70689831222309,1.8620692716909724,0,0.30612244897959184,0.85714286,0.693877551,0,,0,2.65,1.6781996631168334,2.1870534403749873,0.8369638323783875,"Clay Holmes",13649,605280
"Reid Detmers","LAA",3,4,0,9,9,50.1,10.013245286076154,3.2185431276673357,1.2516556607595193,0.3282442748091603,0.64189189,0.411764705,0.120689655,94.47209968667546,5.185430594575152,3.46,3.8417075694692198,3.6532343624690315,0.8201013803482056,"Reid Detmers",27468,672282
"Justin Slaten","BOS",2,1,1,15,0,23,8.217392667255014,1.5652176509057172,0,0.26229508196721313,0.76190476,0.491803278,0,96.46339053199405,1.9565220636321463,2.95,1.9525625251416348,3.113549819841954,0.7946925163269043,"Justin Slaten",25648,686580
"Shane Bieber","CLE",2,0,0,2,2,12,15,0.75,0,0.4166666666666667,1,0.5,0,92.47847316576087,0,2.53,0.04314242998758999,0.5116109097997352,0.7685496211051941,"Shane Bieber",19427,669456
"Michael Wacha","KCR",3,4,0,9,9,49.2,7.973154770673446,3.0805370704874675,0.9060403148492552,0.3150684931506849,0.68253968,0.355704697,0.080645161,93.55780867034314,4.711409637216127,3.66,3.8110395567625828,4.2567134838457985,0.7672235369682312,"Michael Wacha",14078,608379
"Luis Gil","NYY",4,1,0,8,8,43,10.046511627906977,5.441860465116279,0.627906976744186,0.18556701030927836,0.79908676,0.393939393,0.071428571,96.54306844547564,2.511627906976744,3.15,3.6846152982046436,4.150360146026278,0.7577865123748779,"Luis Gil",21052,661563
"Cole Irvin","BAL",4,1,0,7,7,40.1,6.247934081272538,1.785124023220725,0.6694215087077718,0.26666666666666666,0.77889447,0.491803278,0.075,92.1973544034091,2.9008265377336784,3.95,3.3744096554349126,3.8012580385809427,0.719781219959259,"Cole Irvin",19244,608344
"Simeon Woods Richardson","MIN",1,0,0,6,6,30.1,7.417582728525632,1.7802198548461519,0.5934066182820505,0.2967032967032967,0.75301205,0.365591397,0.05,92.95999886225728,2.967033091410253,3.9,3.0275746602739146,4.023713743046896,0.7194673418998718,"Simeon Woods Richardson",24494,680573
"Zach Eflin","TBR",3,4,0,9,9,53,6.962264150943396,0.6792452830188679,1.3584905660377358,0.2891566265060241,0.74297189,0.410404624,0.117647058,92.85234543372844,3.9056603773584904,3.51,3.8245889708680934,3.665486515805407,0.7127904891967773,"Zach Eflin",13774,621107
"Alec Marsh","KCR",3,1,0,7,7,37,7.54054054054054,2.4324324324324325,0.7297297297297297,0.24761904761904763,0.81005587,0.371428571,0.071428571,94.21159797705315,2.4324324324324325,4.09,3.396746033591193,3.938017072951472,0.6762542128562927,"Alec Marsh",27451,679525
"Grayson Rodriguez","BAL",4,1,0,6,6,34,9.794117647058824,3.176470588235294,1.0588235294117647,0.34408602150537637,0.80188679,0.340206185,0.093023255,96.73816725437743,3.7058823529411766,4.56,3.538240469203276,3.786253230843474,0.6718006134033203,"Grayson Rodriguez",24492,680570
"Nathan Eovaldi","TEX",2,2,0,7,7,41.1,9.580645456026307,4.137096901465905,0.6532258265472481,0.26262626262626265,0.83333333,0.524752475,0.09375,95.54377198322511,2.6129033061889926,3.44,3.5377660985543757,3.6822735399830044,0.6706517338752747,"Nathan Eovaldi",9132,543135
"Cody Bradford","TEX",3,0,0,3,3,19.1,7.913793623943567,0.9310345439933608,0.4655172719966804,0.17647058823529413,0.75471698,0.346153846,0.032258064,90.6143612132353,1.3965518159900412,2.37,2.3506136433264557,3.9316948829632627,0.6651738882064819,"Cody Bradford",27597,674003
"Casey Mize","DET",1,2,0,8,8,43.2,6.59542023144323,2.061068822326009,0.8244275289304037,0.27941176470588236,0.73839662,0.521428571,0.097560975,95.66370679842716,3.5038169979542158,3.66,3.6073918218636587,3.7361312877635497,0.6509084105491638,"Casey Mize",20492,663554
"Framber Valdez","HOU",3,1,0,6,6,36.2,7.609091436843278,2.7000001872669697,0.49090912495763084,0.31313131313131315,0.7918552,0.66,0.166666666,96.0863037109375,2.9454547497457853,3.56,3.2901121383068,3.04097208302429,0.6472062468528748,"Framber Valdez",17295,664285
"Albert Suárez","BAL",2,0,0,7,3,23,7.8260876055251085,1.5652175211050217,0.3913043802762554,0.25,0.77669903,0.34375,0.034482758,95.16085554726759,1.9565219013812771,2.65,2.6047365896192494,3.811552243770328,0.6260828077793121,"Albert Suarez",6175,544150
"Kirby Yates","TEX",3,0,7,16,0,17.1,10.384616146426286,3.6346156512491996,0,0.18421052631578946,0.85714286,0.315789473,0,93.29530999599359,1.0384616146426284,1.8,2.0303218367537044,3.489781438618398,0.6102346777915955,"Kirby Yates",9073,489446
"Keegan Akin","BAL",1,0,0,20,0,19,9.947371416806096,2.8421061190874557,0.47368435318124263,0.2553191489361702,0.73863636,0.404255319,0.045454545,93.72494631761695,2.8421061190874557,2.01,2.5475282205438488,3.49062953970546,0.6069403886795044,"Keegan Akin",19362,669211
"David Robertson","TEX",2,1,1,19,0,21.2,12.04615526007494,3.3230773131241214,0.41538466414051517,0.22916666666666666,0.72815534,0.479166666,0.0625,,2.492307984843091,3.06,2.4341679897533974,2.872005904113199,0.5803930163383484,"David Robertson",8241,502085
"Tanner Bibee","CLE",2,1,0,9,9,45.2,9.459854541408486,2.9562045441901517,1.1824818176760608,0.31451612903225806,0.74626866,0.3984375,0.107142857,94.61635954483695,4.335766664812223,4.65,3.8491035407896264,3.864491233802181,0.5732480883598328,"Tanner Bibee",30134,676440
"Ronel Blanco","HOU",4,0,0,8,8,47.1,8.556338258027044,3.9929578537459536,0.9507042508918937,0.2033898305084746,0.90909091,0.418032786,0.096153846,93.88178692084942,2.091549351962166,3.01,3.992672969689093,4.163400076754981,0.5627373456954956,"Ronel Blanco",19407,669854
"Andrew Heaney","TEX",0,5,0,9,9,44.2,8.865672146565004,2.216418036641251,1.410447841498978,0.29133858267716534,0.66390041,0.350746268,0.106060606,91.59324448529412,4.432836073282502,3.98,4.133938507248764,4.173268934924001,0.5604345798492432,"Andrew Heaney",15423,571760
"Chris Flexen","CHW",2,3,0,9,7,40.1,6.694214928794222,3.1239669667706367,1.1157024881323703,0.2689075630252101,0.70454545,0.357723577,0.092592592,91.68954525353773,4.462809952529481,4.29,4.291765028703621,4.561811982804773,0.5541142835281789,"Chris Flexen",13896,623167
"Ryan Pepiot","TBR",3,2,0,7,7,36.2,10.063637061631432,2.7000001872669697,1.227272812394077,0.21686746987951808,0.71428571,0.318181818,0.111111111,94.97866636954699,3.6818184371822316,2.92,3.6446576174428666,3.5967461079736216,0.5516473650932312,"Ryan Pepiot",26221,686752
"Cade Smith","CLE",1,0,0,20,0,20.1,12.393444560542585,3.0983611401356463,0,0.2826086956521739,0.76190476,0.456521739,0,95.5615280657583,2.21311510009689,2.57,1.5527050254742456,2.4512430698537138,0.5405596494674683,"Cade Smith",27867,671922
"John Schreiber","KCR",3,0,1,20,0,20,6.750000643730225,2.2500002145767417,0,0.2711864406779661,0.91304348,0.491525423,0,93.24740475171232,0.9000000858306967,3.77,2.6764757204055747,4.011611015198612,0.523250162601471,"John Schreiber",20020,670167
"Ross Stripling","OAK",1,7,0,9,9,47,5.74468085106383,2.297872340425532,0.9574468085106383,0.3416149068322981,0.59090909,0.371951219,0.084745762,91.88715372543668,4.9787234042553195,3.9,4.0626459760868805,4.443899612826236,0.5221568942070007,"Ross Stripling",13273,548389
"Griffin Jax","MIN",3,2,5,20,0,18.2,12.053573070740438,3.3750004598073224,0.48214292282961746,0.27906976744186046,0.75268817,0.441860465,0.0625,96.79281655844156,2.8928575369777048,2.15,2.269332789401603,2.777537521013091,0.5180858373641968,"Griffin Jax",20253,643377
"Tyler Anderson","LAA",4,4,0,9,9,56.1,6.390532688626909,3.355029661529127,1.118343220509709,0.20382165605095542,0.83984375,0.347560975,0.0875,89.47268992456897,2.715976392666436,4.84,4.493339699499456,4.873797136872678,0.5078163743019104,"Tyler Anderson",12880,542881
"Trent Thornton","SEA",1,1,0,18,0,18,9.000001907349038,2.0000004238553415,0,0.27450980392156865,0.68421053,0.395833333,0,95.19040398848684,2.500000529819177,2.35,1.9598088494053072,3.2871364901704476,0.5076732635498047,"Trent Thornton",17948,663423
"Hunter Gaddis","CLE",2,1,0,22,0,21,8.571430128448146,1.7142860256896293,0.4285715064224073,0.2857142857142857,0.78703704,0.350877192,0.04347826,96.18846910782443,2.1428575321120364,3.22,2.6979042568985157,3.6181103815340303,0.5040611028671265,"Hunter Gaddis",25636,683769
"Luke Weaver","NYY",3,0,0,16,0,28,9.64285845659235,1.6071430760987249,0.64285723043949,0.1791044776119403,0.78125,0.352941176,0.0625,95.16927765052355,2.250000306538215,3.03,2.769332857521207,3.4469391663365236,0.5003272294998169,"Luke Weaver",16918,596133
"Jason Foley","DET",2,1,10,19,0,17.1,8.307693831314277,3.6346160511999956,0,0.3137254901960784,0.73913043,0.56,0,97.98586138556985,2.076923457828569,3.29,2.4918602623177493,3.464833437292883,0.4863129258155823,"Jason Foley",19531,671345
"Andrés Muñoz","SEA",2,2,7,17,0,18.1,11.78182022473079,3.436364232213147,0.4909091760304496,0.21052631578947367,0.83333333,0.512820512,0.071428571,98.86923014322916,1.4727275280913488,2.28,2.5264756592837068,2.8906035125368725,0.47112664580345154,"Andres Munoz",20373,662253
"Yimi García","TOR",1,0,2,16,0,17,11.117649553556904,2.6470594175135482,0.5294118835027096,0.11764705882352941,1,0.303030303,0.052631578,96.80723206426056,0.5294118835027096,1.47,2.3029461667611524,3.1089877211197874,0.4541323184967041,"Yimi Garcia",12095,554340
"Kevin Gausman","TOR",2,3,0,8,8,36.1,9.165137935433272,2.4770643068738574,1.2385321534369287,0.36036036036036034,0.63265306,0.426086956,0.128205128,93.87955927051672,4.954128613747715,5.59,3.7870262451539514,3.506589872165723,0.44849327206611633,"Kevin Gausman",14107,592332
"Bryce Miller","SEA",3,4,0,9,9,52.2,8.886076378451788,2.734177347215935,1.3670886736079675,0.21374045801526717,0.78431373,0.374100719,0.13114754,95.4000568977591,3.0759495156179266,4.21,4.037868212392901,3.6909643691663283,0.42997506260871887,"Bryce Miller",29837,682243
"Kenley Jansen","BOS",1,1,7,16,0,15.2,12.063830276807025,5.744681084193822,0,0.3055555555555556,0.72727273,0.361111111,0,,3.4468086505162927,3.98,2.5520076549015407,3.987315395977736,0.4197184145450592,"Kenley Jansen",3096,445276
"Carlos Rodón","NYY",4,2,0,9,9,49,9,2.5714285714285716,1.469387755102041,0.2835820895522388,0.85501859,0.323943661,0.117647058,95.32360018980478,3.306122448979592,4.65,4.412190049035209,4.240099638457201,0.41294118762016296,"Carlos Rodon",16137,607074
"Garrett Cleavinger","TBR",3,0,2,19,0,17.2,14.264152996733035,6.113208427171301,0,0.30303030303030304,0.83333333,0.53125,0,96.23172701322116,1.5283021067928253,2.99,2.3340228190579766,2.9704329209805844,0.41282758116722107,"Garrett Cleavinger",17897,664076
"T.J. McFarland","OAK",1,0,0,23,0,18,5.500001748403469,1.5000004768373099,0,0.3870967741935484,0.67857143,0.672131147,0,,4.500001430511929,1.88,2.5709200311589564,3.3517010790494757,0.4092663824558258,"T.J. McFarland",3237,519008
"Kyle Bradish","BAL",0,0,0,3,3,13.2,11.195122472024428,3.9512196960086214,0,0.3333333333333333,0.8,0.571428571,0,,2.634146464005748,2.41,2.394768412208215,3.4231139035376406,0.4040919840335846,"Kyle Bradish",24586,680694
"Josh Hader","HOU",2,3,6,19,0,20,13.950001330375798,4.050000386238135,0.9000000858306967,0.325,0.61320755,0.463414634,0.133333333,,4.500000429153483,2.63,2.6764757204055747,2.4305297765276683,0.39772841334342957,"Josh Hader",14212,623352
"Brennan Bernardino","BOS",2,1,0,17,2,19.1,8.379311722609376,3.7241385433819447,0,0.1590909090909091,0.88235294,0.418604651,0,,0.4655173179227431,2.86,2.816130884705761,4.197305422977893,0.39566950127482414,"Brennan Bernardino",16835,657514
"Hunter Strickland","LAA",1,1,0,17,0,18,8.000000847710593,1.5000001589457364,0.5000000529819121,0.23404255319148937,0.73529412,0.416666666,0.047619047,94.20239583333333,2.5000002649095605,2.65,2.570920148896576,3.4883377032299245,0.3926733136177063,"Hunter Strickland",7836,519326
"Garrett Whitlock","BOS",1,0,0,4,4,18.1,8.345455124279724,3.436363874703416,0.49090912495763084,0.2653061224489796,0.87378641,0.448979591,0.066666666,,1.9636364998305234,4.18,3.2901121383068,3.7308984375087255,0.39064180850982666,"Garrett Whitlock",20191,676477
"Chris Paddack","MIN",4,2,0,8,8,42.1,8.71653569488933,2.1259843158266656,1.4881890210786661,0.38686131386861317,0.78431373,0.40140845,0.132075471,93.7763116638796,4.889763926401331,4.29,4.118601777373367,3.72851881188002,0.38470888137817383,"Chris Paddack",20099,663978
"José Soriano","LAA",1,4,0,9,7,38.2,8.844828167936928,4.655172719966804,0.6982759079950206,0.26732673267326734,0.70281124,0.615384615,0.130434782,99.57474161783854,3.7241381759734433,4.29,4.0316482366478015,3.8590014608195577,0.38273757696151733,"Jose Soriano",22100,667755
"John Means","BAL",2,0,0,3,3,17.2,7.6415097089627,0,1.0188679611950267,0.26,0.75757576,0.196078431,0.071428571,91.00108730670104,3.05660388358508,4.81,3.0698719876989773,3.8256089377766083,0.38233500719070435,"John Means",16269,607644
"Scott Barlow","CLE",2,2,1,23,0,21,11.571430673404997,4.285715064224073,0.4285715064224073,0.32,0.7421875,0.549019607,0.083333333,91.63042210820896,3.4285720513792586,3.31,2.602666144360203,2.786707381279195,0.3666858375072479,"Scott Barlow",14993,605130
"Tim Herrin","CLE",2,0,0,20,0,19.1,9.77586464082511,3.7241389107905185,0,0.23404255319148937,0.85,0.391304347,0,95.60733609586148,0.9310347276976296,3.74,2.350613490239565,3.6590947608500346,0.365315318107605,"Tim Herrin",25139,682120
"Jordan Leasure","CHW",0,0,2,19,0,18.1,6.381819288395845,3.436364232213147,0,0.24528301886792453,0.80952381,0.423076923,0,96.16001674107143,1.9636367041217984,3.01,3.0173848353141564,4.703871655066818,0.3612169921398163,"Jordan Leasure",29950,673929
"Paul Blackburn","OAK",3,2,0,8,8,46,7.043478260869565,2.5434782608695654,1.173913043478261,0.25757575757575757,0.72368421,0.471014492,0.139534883,92.42406616210937,4.108695652173913,4.47,4.169954024190488,3.7880504132288957,0.35033175349235535,"Paul Blackburn",14739,621112
"Cristian Javier","HOU",3,1,0,6,6,30.2,7.630434940803257,4.695652271263543,0.8804348008619143,0.2261904761904762,0.76923077,0.279069767,0.063829787,92.19651521381579,3.228260936493686,3.93,4.267780134808589,5.1499776200607155,0.34148919582366943,"Cristian Javier",17606,664299
"Tanner Banks","CHW",0,2,1,16,1,19.2,10.52542560027303,1.8305088000474834,1.3728816000356125,0.4067796610169492,0.53956835,0.419354838,0.125,93.64506270245808,5.49152640014245,4.07,3.5332554966648084,3.265275646295365,0.33195720613002777,"Tanner Banks",16990,621383
"Mitch Spence","OAK",3,2,0,12,1,30,7.800000991821415,2.40000030517582,0.600000076293955,0.2926829268292683,0.65217391,0.542168674,0.095238095,95.0333023071289,3.9000004959107075,3.1,3.1598091008928093,3.2769262567238644,0.32501809298992157,"Mitch Spence",27707,687765
"Aaron Civale","TBR",2,3,0,9,9,46.1,9.517985872721113,2.3309353157684356,1.748201486826327,0.31007751937984496,0.61983471,0.318840579,0.163636363,91.94092261904763,5.82733828942109,3.61,4.313526155610404,3.4566333084033904,0.31140437722206116,"Aaron Civale",19479,650644
"Luis García","LAA",1,0,1,19,0,17.1,9.865387510266673,2.5961546079649143,0.5192309215929828,0.2978723404255319,0.51020408,0.5,0.076923076,96.62667236328124,5.1923092159298285,2.77,2.7226294909708253,3.0266836597692754,0.30735906958580017,"Luis Garcia",6984,472610
"Bryan Woo","SEA",1,0,0,2,2,9.2,7.448276351946887,1.8620690879867217,0,0.16,0.83333333,0.333333333,0,95.11205710827464,0.9310345439933608,2.08,2.091992936661633,3.691247507411233,0.29933467507362366,"Bryan Woo",30279,693433
"José Berríos","TOR",4,3,0,9,9,54.1,6.957055377540247,2.6503068104915224,1.3251534052457612,0.22916666666666666,0.88582677,0.463576158,0.137931034,94.2429180582061,2.8159509861472425,4.59,4.654083161034787,4.240221473201553,0.2827203571796417,"Jose Berrios",14168,621244
"Shawn Armstrong","TBR",1,1,1,17,3,21.1,10.968751634471362,3.7968755657785485,0.8437501257285663,0.34545454545454546,0.69852941,0.368421052,0.09090909,93.29587381827731,4.218750628642831,3.98,3.1733507703058437,3.4039251640829304,0.27633970975875854,"Shawn Armstrong",12857,542888
"Pete Fairbanks","TBR",0,2,4,12,0,11,13.090909090909092,6.545454545454546,0,0.3333333333333333,0.5,0.391304347,0,97.4595549508427,5.7272727272727275,2.86,2.3992030360481955,3.2935519520532,0.2724595367908478,"Pete Fairbanks",17998,664126
"Joey Wentz","DET",0,0,0,11,0,16.2,11.340001730346943,3.2400004943848413,0,0.34782608695652173,0.88,0.5,0,94.59012528153153,1.080000164794947,3.2,2.2264756259918004,3.0697190183223926,0.27161717414855957,"Joey Wentz",19962,666214
"Greg Weissert","BOS",1,1,0,18,0,17.2,9.679247721356592,2.0377363623908615,1.0188681811954308,0.3181818181818182,0.75581395,0.444444444,0.117647058,94.35471960616438,1.528302271793146,2.2,3.126475763320923,3.0071488919638023,0.2632625102996826,"Greg Weissert",20375,669711
"Danny Coulombe","BAL",1,0,1,20,0,16.2,9.180004552461975,1.0800005355837616,1.0800005355837616,0.13513513513513514,0.80645161,0.538461538,0.153846153,91.39517875339673,2.1600010711675233,2.59,3.006475703811616,2.54269171657662,0.2588023543357849,"Danny Coulombe",13293,543056
"Jacob Webb","BAL",0,2,2,22,0,19.2,9.610171666264993,4.118644999827854,0.4576272222030949,0.25,0.77669903,0.354166666,0.047619047,93.12629271582733,1.3728816666092845,3.51,3.024780825053569,3.8644512300587355,0.257601261138916,"Jacob Webb",19274,657097
"Cooper Criswell","BOS",2,1,0,7,6,29.1,8.590909184010561,2.1477272960026403,1.5340909257161717,0.2564102564102564,0.74074074,0.457831325,0.178571428,,2.761363666289109,3.41,4.35374850389386,3.4793627775163762,0.2542256060987711,"Cooper Criswell",24975,681867
"Lucas Erceg","OAK",1,2,2,17,0,17,12.705883778502944,4.235294592834315,0.5294118241042893,0.2857142857142857,0.71428571,0.444444444,0.111111111,98.95098805147059,3.176470944625736,2.99,2.8323580832629847,2.811690372410478,0.2508474290370941,"Lucas Erceg",19360,668674
"Ryan Pressly","HOU",0,1,0,18,0,16.1,13.224490825457735,3.306122706364434,1.1020409021214779,0.45652173913043476,0.64885496,0.489361702,0.166666666,94.097900390625,5.510204510607389,3.9,2.881577785071706,2.322283778667101,0.2318059653043747,"Ryan Pressly",7005,519151
"Dean Kremer","BAL",3,3,0,8,8,46,9.195652173913043,2.9347826086956523,1.7608695652173914,0.2,0.63953488,0.419354838,0.163636363,93.8342793367347,3.717391304347826,5.24,4.604736632886141,3.7416344409079656,0.22998131811618805,"Dean Kremer",19350,665152
"Brock Stewart","MIN",0,0,0,13,0,13.1,11.475000273585326,4.050000096559526,0.6750000160932544,0.25,1,0.413793103,0.1,97.63195674935567,0.6750000160932544,3.06,2.9014757579565047,2.9805298394186277,0.22739370167255402,"Brock Stewart",16727,592779
"Aaron Brooks","OAK",0,1,0,1,1,7,6.428571428571429,1.2857142857142858,0,0.3181818181818182,0.625,0.318181818,0,92.61892554873512,3.857142857142857,3.79,2.126475763320923,3.732653408391135,0.22439256310462952,"Aaron Brooks",12272,605156
"Chris Bassitt","TOR",3,6,0,9,9,48.1,8.379311226607879,4.2827590713773604,1.3034484130278923,0.32592592592592595,0.69486405,0.425531914,0.145833333,92.67799072265625,5.027586735964728,4.97,4.698889721894254,4.211844038081284,0.22213448584079742,"Chris Bassitt",12304,605135
"Taj Bradley","TBR",1,1,0,2,2,11,10.636363636363637,2.4545454545454546,0.8181818181818182,0.2692307692307692,0.8490566,0.296296296,0.09090909,96.3251953125,2.4545454545454546,7.24,3.035566672411832,3.259153930030086,0.20933464169502258,"Taj Bradley",22543,671737
"Dennis Santana","NYY",2,0,2,15,0,17.2,6.6226431777703,3.5660386341840073,0,0.27450980392156865,0.57142857,0.387755102,0,96.00674874441964,4.584906815379438,3.29,2.8434568240999702,4.434482250678599,0.20472025871276855,"Dennis Santana",17878,642701
"Tayler Saucedo","SEA",1,0,1,14,0,13.1,8.77500209212353,3.3750008046628963,0,0.2777777777777778,0.75,0.527777777,0,91.94214545355902,2.7000006437303172,2.08,2.5264756202697414,3.475124518064858,0.20457260310649872,"Tayler Saucedo",17888,642048
"Jonathan Cannon","CHW",0,1,0,3,3,13.2,8.560976008018681,2.634146464005748,1.317073232002874,0.4090909090909091,0.61320755,0.369565217,0.117647058,95.16219075520833,7.243902776015807,5.48,4.004524584656172,3.8502728070231553,0.20079194009304047,"Jonathan Cannon",31730,686563
"Ben Lively","CLE",2,2,0,6,6,32.1,8.628866318726935,3.340206316926556,1.3917526320527316,0.27906976744186046,0.88235294,0.252747252,0.102040816,90.16771910244361,3.0618557905160095,4.21,4.332661377766623,4.452193337077286,0.19885839521884918,"Ben Lively",14932,594902
"Daniel Lynch IV","KCR",0,0,0,2,1,7,7.714285714285714,2.5714285714285716,0,0.125,1,0.375,0,93.28857144442472,0,2.24,2.2693329061780654,4.076282756882054,0.1942562349140644,"Daniel Lynch IV",21537,663738
"Shawn Dubin","HOU",0,1,1,9,0,13.2,8.560976008018681,4.609756312010059,0,0.36585365853658536,0.52173913,0.536585365,0,95.23893575465425,6.585366160014369,3.27,2.9801342930983816,4.214148882693692,0.18819750845432281,"Shawn Dubin",24977,681869
"Nick Sandlin","CLE",3,0,1,23,0,21,10.285717088349775,2.1428577267395363,0.8571430906958146,0.1702127659574468,0.80246914,0.354166666,0.083333333,92.53914086612654,2.571429272087444,2.71,3.3645710662919828,3.7326535735614805,0.1813066601753235,"Nick Sandlin",20517,680704
"Matt Manning","DET",0,1,0,4,4,22.2,8.735295097720774,3.573529812703953,1.191176604234651,0.2857142857142857,0.73643411,0.333333333,0.088235294,94.14896911982248,4.367647548860387,3.85,4.09706410751212,4.484584074851226,0.1803942322731018,"Matt Manning",20369,666159
"Tayler Scott","HOU",1,1,0,20,0,21,11.142859166982591,4.714286570646481,0.4285715064224073,0.24,0.80508475,0.52,0.071428571,,2.1428575321120364,2.67,2.983618594513454,3.3015079928354503,0.18021008372306824,"Tayler Scott",13652,605463
"Ian Hamilton","NYY",0,0,0,19,0,22.2,7.544119128306723,3.5735301134084474,0.39705890148982753,0.3188405797101449,0.80357143,0.414285714,0.04347826,96.20557369402985,3.1764712119186203,4.01,3.6117699762529343,4.464313898367691,0.1758161336183548,"Ian Hamilton",19261,641656
"Angel Zerpa","KCR",0,0,0,19,0,17.1,9.865387510266673,1.5576927647789485,1.0384618431859656,0.3181818181818182,0.98837209,0.586956521,0.166666666,95.08577880859374,1.5576927647789485,4.56,3.126475763320923,2.5994486052039125,0.17156600952148438,"Angel Zerpa",22717,672582
"Chris Martin","BOS",2,1,0,17,0,17.1,8.826923724462342,1.0384616146426284,1.0384616146426284,0.3111111111111111,0.63953488,0.434782608,0.117647058,95.339375,3.6346156512491996,3.79,3.357245011019285,3.2356234138521436,0.1704668253660202,"Chris Martin",11847,455119
"Jared Shuster","CHW",0,0,0,6,0,16,5.062500301748532,2.8125001676380736,0.5625000335276147,0.1836734693877551,0.80882353,0.32,0.038461538,92.24402197721963,2.2500001341104587,2.84,3.7514758005738282,5.222759727353392,0.1644209921360016,"Jared Shuster",27472,694363
"Alex Lange","DET",0,3,2,18,0,15.2,10.340428469353505,6.893618979569003,0,0.2926829268292683,0.52,0.41025641,0,96.40398406982422,2.8723412414870846,4.18,3.317965179420062,4.484153003001088,0.16226893663406372,"Alex Lange",19883,656638
"Spencer Arrighetti","HOU",1,4,0,6,6,26.1,10.253165052059755,5.126582526029877,1.3670886736079675,0.4025974025974026,0.63876652,0.358024691,0.129032258,94.21165988869863,7.518987704843821,5.24,4.645463178440886,4.325244249909877,0.1592462658882141,"Spencer Arrighetti",29921,681293
"Jorge Alcala","MIN",1,1,0,8,0,11,8.181819600507493,4.909091760304496,0,0.3103448275862069,0.6875,0.178571428,0,96.66001216700819,3.2727278402029976,3.87,3.2173848699932286,5.261611318178273,0.15920057892799377,"Jorge Alcala",19459,660896
"Craig Kimbrel","BAL",4,1,8,19,0,16.1,13.775511276518474,4.959184059546651,1.1020409021214779,0.2903225806451613,0.72916667,0.272727272,0.125,94.44031398104265,3.8571431574251727,3.95,3.677496214381662,3.462383158715493,0.15299813449382782,"Craig Kimbrel",6655,518886
"Brad Keller","CHW",0,1,0,4,1,12.2,6.394737644539085,3.5526320247439367,0.7105264049487873,0.225,0.80882353,0.560975609,0.083333333,,2.842105619795149,3.24,3.9159495465973535,4.221070527508982,0.14099131152033806,"Brad Keller",15734,641745
"Josh Winckowski","BOS",1,1,0,12,3,24.1,7.027397627498555,4.0684933632886375,0.7397260660524795,0.31645569620253167,0.64516129,0.455696202,0.086956521,94.9281005859375,3.3287672972361575,5.41,4.236064862399642,4.495968647503317,0.14067232608795166,"Josh Winckowski",22387,670174
"JP Sears","OAK",3,2,0,9,9,50,6.300000480651892,2.5200001922607567,1.4400001098632895,0.23809523809523808,0.77405858,0.34868421,0.111111111,92.78213082107843,3.9600003021240466,4.44,4.7664758884430025,4.710259716942517,0.13881465792655945,"JP Sears",23429,676664
"Jonathan Loáisiga","NYY",1,0,0,3,0,4,6.75,2.25,0,0.4375,1,0.5625,0,98.49819946289062,0,4.07,2.376475763320923,3.079178483039141,0.13857151567935944,"Jonathan Loaisiga",19753,642528
"Michael Tonkin","- - -",0,1,0,6,0,8.2,10.384616146426286,4.153846458570514,0,0.2916666666666667,0.5,0.5,0,93.12318929036458,2.076923229285257,4.38,2.5495526440750185,3.68468788996978,0.13786282762885094,"Michael Tonkin",10315,543859
"Griffin Canning","LAA",2,4,0,9,9,46.2,6.557143214478804,3.471428760606426,1.3500000735691655,0.2714285714285714,0.67615658,0.321917808,0.102941176,93.72333529345879,5.207143140909639,5.04,4.969333006605815,5.067209509404183,0.13722151517868042,"Griffin Canning",19867,656288
"Tyler Wells","BAL",0,2,0,3,3,15.1,7.630434940803257,1.7608696017238286,1.7608696017238286,0.3125,0.5952381,0.372549019,0.130434782,93.01465941011236,5.869565339079428,7.11,4.5612584017625615,4.125888291021535,0.13309486210346222,"Tyler Wells",20000,669330
"Gabe Speier","SEA",0,1,0,16,0,13.1,12.825003057719005,5.4000012874606345,0.6750001609325793,0.25,0.76923077,0.296296296,0.076923076,93.7713055677817,3.3750008046628963,2.57,3.2764757990837183,3.6717461967740497,0.1296716034412384,"Gabe Speier",17170,642100
"Caleb Thielbar","MIN",1,1,3,13,0,9.1,11.571432512634997,4.821430213597916,0.9642860427195831,0.4482758620689655,0.73863636,0.266666666,0.071428571,92.97648991765203,5.785716256317499,3.66,3.55504733786296,4.270298597773598,0.12883847951889038,"Caleb Thielbar",10078,573204
"Xzavion Curry","CLE",0,0,0,1,1,5,5.4,1.8,0,0.14285714285714285,1,0.285714285,0,92.00252278645833,0,7.19,2.526475763320923,4.77512446641922,0.12739405035972595,"Xzavion Curry",25595,675540
"Eli Morgan","CLE",1,0,0,9,0,8.1,7.560000288391124,4.320000164794928,0,0.25,0.7,0.260869565,0,92.41028510199652,2.160000082397464,1.98,2.8864757541656494,4.910259664155346,0.11882536113262177,"Eli Morgan",20203,669212
"Naoyuki Uwasawa","BOS",0,0,0,2,0,4,6.75,4.5,0,0.18181818181818182,0.75,0.363636363,0,89.90042114257812,2.25,2.55,3.126475763320923,4.883232562616468,0.11385684460401535,"Naoyuki Uwasawa",33828,683822
"José Ureña","TEX",1,3,0,12,2,32.1,5.845361399440313,3.340206513965893,0.8350516284914733,0.25252525252525254,0.70652174,0.485148514,0.103448275,96.46424278846153,3.618557056796384,3.41,4.239877934642887,4.294210653706053,0.11273422837257385,"Jose Urena",11589,570632
"Tim Hill","CHW",1,0,0,18,0,15,3.6000011444095437,3.6000011444095437,0,0.35714285714285715,0.7037037,0.607142857,0,90.63169417842742,2.4000007629396958,3.44,3.726475954055847,4.66341321152447,0.11163017153739929,"Tim Hill",16814,657612
"Tyler Duffey","KCR",1,0,0,8,0,8.1,10.800002883911903,5.400001441955951,0,0.3,0.66666667,0.35,0,91.30770055259147,4.320001153564761,3.93,2.886475699233992,4.40431397913189,0.11041688919067383,"Tyler Duffey",13758,608648
"Yariel Rodríguez","TOR",0,1,0,4,4,15.1,9.39130512663013,4.695652563315065,1.1739131408287662,0.37777777777777777,0.79365079,0.382978723,0.125,95.37064615885417,4.108695992900682,5.77,4.496041094287817,4.2668989251321845,0.10645204782485962,"Yariel Rodriguez",33838,684320
"Carlos Estévez","LAA",0,2,6,13,0,12.2,10.657895271797948,0,2.131579054359589,0.3125,0.56818182,0.2,0.136363636,96.48494525547446,5.684210811625571,2.57,3.83700211477412,3.199022056509761,0.10127203166484833,"Carlos Estevez",14542,608032
"Hogan Harris","OAK",0,0,0,2,0,8.2,8.307692917141027,3.1153848439278855,0,0.3076923076923077,0.66666667,0.423076923,0,94.39208984375,4.153846458570514,3.56,2.6649372679241994,4.124396869788893,0.0995500460267067,"Hogan Harris",21520,663687
"Triston McKenzie","CLE",2,3,0,9,9,47.1,7.60563400713515,5.323943804994605,1.1408451010702725,0.224,0.78358209,0.356589147,0.095238095,91.14567057291667,3.2323944530324384,4.72,4.858870176057263,5.08155770354298,0.09654346108436584,"Triston McKenzie",18000,663474
"Jacob Latz","TEX",0,1,0,20,0,18.2,7.232144581420492,4.821429720946995,0.4821429720946995,0.26785714285714285,0.7421875,0.357142857,0.038461538,94.76458030523256,3.3750008046628963,3.82,3.983618824822611,5.244719558993205,0.09197515994310379,"Jacob Latz",21306,656641
"Adam Cimber","LAA",3,0,0,19,0,18,8.000001695421366,3.0000006357830125,0.5000001059638354,0.2682926829268293,0.67961165,0.463414634,0.076923076,85.69029706790124,4.000000847710683,4.38,3.7375870039433883,4.030379883365048,0.08697877824306488,"Adam Cimber",15288,643256
"Kirby Snead","SEA",0,0,0,4,0,2.2,16.87500402331448,0,0,0.5714285714285714,0.25,0.571428571,0,93.31645856584821,10.125002413988689,1.94,-0.6235251307489618,0.4305292001345009,0.08610843122005463,"Kirby Snead",19179,669912
"Nate Pearson","TOR",0,0,1,17,0,15,10.800002746582729,4.200001068115506,0.6000001525879294,0.325,0.69444444,0.414634146,0.071428571,97.66141794023723,4.800001220703435,3.93,3.393142497804447,3.8381876877926318,0.08599499613046646,"Nate Pearson",20160,663878
"Austin Adams","OAK",0,0,0,20,0,15,12.000003814698479,4.200001335144467,0.6000001907349239,0.30303030303030304,0.77669903,0.484848484,0.125,94.3291015625,3.0000009536746197,2.9,3.526475890477539,3.40935875427977,0.08539950102567673,"Austin Adams",13801,613534
"Carson Fulmer","LAA",0,1,0,10,0,19,9,4.7368421052631575,0.47368421052631576,0.23404255319148937,0.78703704,0.4375,0.047619047,93.04854038783482,2.3684210526315788,3.48,3.5475283948998704,4.416660722698036,0.08318398147821426,"Carson Fulmer",18311,608334
"Will Vest","DET",1,1,0,18,0,19,4.263159606596136,1.894737602931616,0.473684400732904,0.27419354838709675,0.67961165,0.467741935,0.055555555,95.60081703244275,3.789475205863232,4.29,3.4948969638909597,4.1421234295647436,0.0826006755232811,"Will Vest",19769,676684
"Dane Dunning","TEX",3,2,0,7,7,37.1,10.366071781637729,4.098214425298637,1.6875000574759094,0.2289156626506024,0.74585635,0.433333333,0.205882352,90.31947835286458,4.098214425298637,5.52,4.867547251192893,3.709970022681373,0.07795070856809616,"Dane Dunning",19409,641540
"Josh Sborz","TEX",1,0,0,7,0,5.1,8.43750201165724,5.0625012069943445,0,0.35294117647058826,0.77777778,0.529411764,0,95.4210895040761,1.6875004023314482,5.48,2.938975718617429,3.7295164667800256,0.07639377564191818,"Josh Sborz",18323,622250
"Jhoan Duran","MIN",0,1,3,8,0,8,10.125,1.125,1.125,0.1875,1,0.588235294,0.333333333,100.43687315244932,1.125,2.57,3.251475763320923,2.1535028031095864,0.0719495564699173,"Jhoan Duran",21029,661395
"Edwin Uceta","TBR",0,0,0,2,0,4,11.25,4.5,0,0.125,1,0.25,0,93.33040364583333,0,1.91,2.126475763320923,4.234583922475577,0.06436159461736679,"Edwin Uceta",20539,670955
"Brendon Little","TOR",0,0,0,3,0,3.1,10.80000102996836,2.70000025749209,0,0.45454545454545453,0.33333333,0.727272727,0,,10.80000102996836,4.97,1.6264756202697623,2.048097292309669,0.06426066160202026,"Brendon Little",21574,663893
"Justin Verlander","HOU",2,1,0,5,5,29.1,7.0568184877230244,3.681818341420709,1.5340909755919618,0.23076923076923078,0.86206897,0.231707317,0.106382978,94.07490658967392,3.375000146302316,3.9,5.103748576306119,5.139682293324456,0.06387373805046082,"Justin Verlander",8700,434378
"Shaun Anderson","TEX",0,0,0,1,0,3,9,0,0,0.45454545454545453,0.6,0.454545454,0,91.03094482421875,6,5.34,1.1264757633209235,1.5949442431330687,0.05677316337823868,"Shaun Anderson",19453,641312
"Cody Poteet","NYY",1,0,0,1,1,6,6,0,1.5,0.2777777777777778,1,0.368421052,0.2,93.38318743024554,1.5,2.84,3.959809096654257,2.964313629517953,0.05651362985372543,"Cody Poteet",18769,547001
"Ryne Stanek","SEA",1,0,2,17,0,14.1,8.790700793847654,3.7674431973632805,0.6279071995605467,0.32608695652173914,0.66371681,0.29787234,0.045454545,98.7853769420904,4.395350396923827,4.26,3.7543829628814698,5.004540592618594,0.05246517434716225,"Ryne Stanek",15947,592773
"Easton Lucas","OAK",0,0,0,3,0,3.2,14.727275280913489,7.363637640456744,0,0.5714285714285714,0.36363636,0.357142857,0,94.676904296875,14.727275280913489,2.86,2.308293803270174,4.608048557478349,0.05159900709986687,"Easton Lucas",26058,687922
"Peter Strzelecki","CLE",0,0,0,4,0,5.2,4.764706416938604,1.588235472312868,0,0.29411764705882354,1,0.470588235,0,91.8376697358631,0,6.39,3.126475763320923,4.118526773051768,0.04392704740166664,"Peter Strzelecki",21367,657265
"Josh Staumont","MIN",0,0,0,4,0,4.1,8.307692917141027,4.153846458570514,0,0.2727272727272727,1,0.454545454,0,93.67625935872395,0,4.32,2.6649372679241994,3.637910335833995,0.04206185042858124,"Josh Staumont",18335,622251
"Joe Jacques","BOS",0,0,0,1,0,1.2,10.800004119874618,0,0,0.5,0.75,0.666666666,0,,5.400002059937309,5.45,2.5264755344389997,3.369719119772761,0.04181127995252609,"Joe Jacques",25178,682175
"Osvaldo Bido","OAK",0,1,0,1,1,2.2,13.500003218651585,6.750001609325793,0,0.42857142857142855,0.33333333,0.142857142,0,95.72042713994566,13.500003218651585,2.73,3.5014758527279115,5.609584514494837,0.03940516710281372,"Osvaldo Bido",23150,674370
"Cionel Pérez","BAL",0,0,0,8,0,6.1,5.68421166755509,4.263158750666317,0,0.35,0.54545455,0.368421052,0,95.86621856689453,7.105264584443862,4.81,3.758054837493711,5.0894918369087065,0.0377822183072567,"Cionel Perez",19614,672335
"Marcus Stroman","NYY",3,2,0,9,9,48.2,7.767123693551034,4.623287912827997,1.2945206155918392,0.2740740740740741,0.81699346,0.54609929,0.179487179,90.9611583891369,3.3287672972361575,4.75,4.93469503589365,4.191081547816543,0.037641193717718124,"Marcus Stroman",13431,573186
"Jordan Lyles","KCR",0,0,0,5,0,5,5.4,3.6,0,0.14285714285714285,1,0.428571428,0,90.81219803659539,0,3.82,3.126475763320923,5.37512446641922,0.03605714812874794,"Jordan Lyles",7593,543475
"Kody Funderburk","MIN",1,0,0,15,0,19.2,9.610172598296536,3.661018132684395,0.9152545331710987,0.32727272727272727,0.69852941,0.571428571,0.153846153,,4.576272665855494,4.69,3.8383404002317776,3.445303190764509,0.0340244434773922,"Kody Funderburk",24993,681892
"Collin Snider","SEA",0,0,0,3,0,3,6,3,0,0.3333333333333333,0.5,0.333333333,0,,6,6.23,2.79314242998759,4.198547869424026,0.03391854837536812,"Collin Snider",23307,676092
"Nick Nastrini","CHW",0,2,0,2,2,8,9,7.875,1.125,0.3333333333333333,0.54794521,0.36,0.071428571,93.61894902096519,7.875,6.63,5.376475763320923,6.2109352823346855,0.03264053538441658,"Nick Nastrini",29833,680897
"Will Klein","KCR",0,0,0,1,0,1,18,0,0,0,1,1,0,96.51790945870536,0,0.14,-0.873524236679077,-0.873524236679077,0.032448429614305496,"Will Klein",27787,694361
"Kevin Kelly","TBR",1,0,1,15,0,18.2,8.196429688103498,0.48214292282961746,1.4464287684888524,0.27450980392156865,0.82278481,0.574074074,0.176470588,90.74163818359375,3.3750004598073224,2.77,3.876475865500328,3.067112851862979,0.03111562505364418,"Kevin Kelly",25679,687330
"Sam Hentges","CLE",0,0,0,3,0,3.1,5.400002059937309,2.7000010299686545,0,0,1,0.5,0,94.65528282752403,0,2.26,2.8264756488799616,4.091341026880603,0.03094405308365822,"Sam Hentges",18548,656529
"Yohan Ramírez","BAL",0,0,0,5,0,6,9.000002861023859,3.0000009536746197,0,0.23076923076923078,0.5,0.461538461,0,95.29045304008152,6.000001907349239,3.77,3.626475922266693,4.797647494102472,0.030582113191485405,"Yohan Ramirez",19444,670990
"Cole Sands","MIN",1,0,2,16,0,18.2,12.053574302367487,1.928571888378798,1.4464289162840984,0.29545454545454547,0.70707071,0.319148936,0.142857142,95.11604578354779,4.821429720946995,4.47,3.8229045007910445,3.314699784705874,0.02903161197900772,"Cole Sands",21461,663485
"Ronny Henriquez","MIN",0,0,0,1,0,2,9,4.5,0,0.3333333333333333,1,0.166666666,0,94.31221923828124,0,5.77,2.626475763320923,5.437286642193794,0.02901821956038475,"Ronny Henriquez",24094,678692
"Zach Pop","TOR",0,0,0,8,0,7.1,6.1363647003806205,1.227272940076124,1.227272940076124,0.18181818181818182,0.65217391,0.545454545,0.125,,2.454545880152248,3.01,3.944657723371672,3.705099979400499,0.02667461894452572,"Zach Pop",20185,647315
"Zack Kelly","BOS",0,1,0,8,0,11.1,8.735295097720774,7.147059625407906,0,0.20689655172413793,0.8125,0.517241379,0,96.32194794804217,1.588235472312868,3.41,3.8323581954599755,4.82440920519082,0.026263747364282608,"Zack Kelly",20349,677161
"Michael Lorenzen","TEX",2,2,0,6,6,36,6.75,4.5,1.25,0.2391304347826087,0.8,0.443298969,0.151515151,94.4671091092687,3.75,4.75,5.098697985543145,4.581430749470989,0.023705769330263138,"Michael Lorenzen",14843,547179
"Brayan Bello","BOS",4,2,0,7,7,36.1,7.678899351308957,2.2293578761864716,1.981651445499086,0.2376237623762376,0.77922078,0.495412844,0.25,,3.963302890998172,4.29,5.108127208820009,3.4835301077975473,0.02286638878285885,"Brayan Bello",23920,678394
"Tyler Ferguson","OAK",0,0,0,5,0,5.1,11.812500704079909,6.750000402331376,0,0.2,1,0.3,0,95.59524668817934,0,4.21,3.313975774496795,4.104516381299682,0.018431860953569412,"Tyler Ferguson",19481,621053
"Tyson Miller","SEA",0,0,0,9,0,11.2,9.257143361617135,0.7714286134680947,1.5428572269361893,0.20689655172413793,0.69444444,0.193548387,0.125,,3.0857144538723786,3.17,3.8121900864036737,3.5110318155046767,0.017649240791797638,"Tyson Miller",19976,668338
"Anthony Veneziano","KCR",0,0,0,2,0,2,9,4.5,0,0.5,0.6,0.5,0,94.55373313210227,4.5,3.34,2.626475763320923,4.031881202757359,0.017507772892713547,"Anthony Veneziano",27453,685107
"Nick Pivetta","BOS",1,2,0,4,4,20.2,9.580645456026307,0.8709677687296642,2.6129033061889926,0.26,1,0.410714285,0.23076923,94.6767869636194,3.4838710749186568,4.21,5.061959693831288,3.0558567978587776,0.016403453424572945,"Nick Pivetta",15454,601713
"Cam Booser","BOS",0,1,0,12,0,15,10.800000686645552,1.8000001144409252,1.8000001144409252,0.25,0.83333333,0.210526315,0.130434782,95.57566550925925,3.6000002288818505,2.33,3.9264758141835565,3.481430793024224,0.01301050465553999,"Cam Booser",16061,592155
"Mike Clevinger","CHW",0,2,0,3,3,11.1,7.94117736156434,4.764706416938604,1.588235472312868,0.35135135135135137,0.71428571,0.289473684,0.105263157,93.40594482421875,5.558824153095038,7.15,5.24412305973808,5.306126303396917,0.011614341288805008,"Mike Clevinger",12808,605182
"Ron Marinaccio","NYY",1,0,0,9,0,12.2,7.1052635145319645,3.5526317572659822,0.7105263514531964,0.13793103448275862,0.9375,0.379310344,0.1,93.0472245649858,1.4210527029063929,3.1,3.994896859541497,4.078111684326043,0.01155557855963707,"Ron Marinaccio",23488,676760
"Joe Boyle","OAK",2,5,0,7,7,27.2,9.433735156547252,7.481927882778854,0.9759036368841985,0.3013698630136986,0.58035714,0.346666666,0.1,97.07949035070533,7.156626670484122,4.65,5.042138457945461,5.156433515382566,0.007511449512094259,"Joe Boyle",29608,671212
"Clayton Beeter","NYY",0,0,0,1,0,1,0,0,0,0.3333333333333333,1,0.666666666,0,96.13313802083333,0,9.53,3.126475763320923,4.531881202757359,0.0053962040692567825,"Clayton Beeter",27494,690925
"Josh Maciejewski","NYY",0,0,0,1,0,1,0,0,0,0,1,1,0,91.46475219726562,0,1.09,3.126475763320923,3.126475763320923,0.005073944106698036,"Josh Maciejewski",21310,656671
"Grae Kessinger","HOU",0,0,0,1,0,1,0,0,0,0,1,0.333333333,0,74.62267511541194,0,3.44,3.126475763320923,5.937286642193794,0.004912274889647961,"Grae Kessinger",25813,666197
"Miguel Díaz","HOU",0,0,0,1,0,1,0,0,0,0,1,0.333333333,0,90.99163818359375,0,9.53,3.126475763320923,5.937286642193794,0.004382931627333164,"Miguel Diaz",18815,622766
"Joel Kuhnel","HOU",0,0,0,1,0,2,4.5,0,0,0.4444444444444444,0.2,0.444444444,0,94.48784528459821,18,8.14,3.626475763320923,6.437286642193794,0.0035678353160619736,"Joel Kuhnel",19995,669270
"Miguel Sanó","LAA",0,0,0,1,0,0.1,0,0,0,0,1,1,0,82.34489440917969,0,0.45,3.1264757633209235,3.1264757633209235,0.0017382982186973095,"Miguel Sano",12164,593934
"Willi Castro","MIN",0,0,0,1,0,0.1,0,0,0,0,1,1,0,73.59200286865234,0,11.42,3.1264757633209235,3.1264757633209235,0.001459759776480496,"Willi Castro",17338,650489
"Brett de Geus","SEA",0,0,0,4,0,3.1,5.40000051498418,0,0,0.4,0.83333333,0.4,0,,2.70000025749209,4.81,3.726475820541388,4.991340836661108,0.000573319906834513,"Brett de Geus",23592,676969
"Cole Winn","TEX",0,1,0,10,0,13,8.307693526589837,2.0769233816474593,1.3846155877649728,0.22857142857142856,0.44642857,0.378378378,0.133333333,95.93593974497126,6.230770144942379,3.59,4.203398998249235,3.8250206036220833,0.00028668963932432234,"Cole Winn",22113,668390
"Zac Kristofak","LAA",0,0,0,1,0,2,9,9,0,0.42857142857142855,0.6,0.571428571,0,93.24364516314338,0,6.07,4.126475763320923,4.829178483039141,0.00024012147332541645,"Zac Kristofak",27585,670219
"Wander Suero","HOU",0,1,0,1,0,0,0,0,0,1,0,0,0,,0,,3.126475763320923,3.126475763320923,0,"Wander Suero",15855,593833
"Dylan Coleman","HOU",0,0,0,1,0,1,9,9,0,0,1,0.5,0,94.79739379882812,0,1.98,4.126475763320923,5.531881202757359,-0.001535450341179967,"Dylan Coleman",22276,669395
"Beau Brieske","DET",0,0,0,1,0,1,9,9,0,0.3333333333333333,1,1,0,96.36296081542969,0,3.08,4.126475763320923,4.126475763320923,-0.002343405969440937,"Beau Brieske",26079,689225
"John Brebbia","CHW",0,2,1,15,0,13.2,11.853662396669936,1.9756103994449892,1.9756103994449892,0.3235294117647059,0.67567568,0.305555555,0.1875,93.99709821428571,5.926831198334968,5.24,4.443549362950916,3.2352431424709254,-0.006260076072067022,"John Brebbia",12777,605154
"Amir Garrett","LAA",0,0,0,6,0,5.1,18.56250442564593,8.43750201165724,1.6875004023314482,0.42857142857142855,0.78947368,0.25,0.166666666,95.73661081414474,5.0625012069943445,3.34,4.2514760315418885,3.3950569467216574,-0.007416604086756706,"Amir Garrett",14375,607237
"Michael Kelly","OAK",2,1,0,20,0,24,6.000000953674468,2.6250004172325796,0.7500001192093085,0.28169014084507044,0.75342466,0.422535211,0.068965517,95.30952592329545,3.000000476837234,3.87,4.126475922266668,4.741340925982521,-0.0108186025172472,"Michael Kelly",12791,547184
"Pablo Reyes","BOS",0,0,0,1,0,1,0,9,0,0.25,1,0.25,0,71.81034851074219,0,7.8,6.126475763320923,8.937286642193794,-0.012253633700311184,"Pablo Reyes",16357,622569
"Kyle Muller","OAK",0,0,0,10,0,27.2,7.481928398585345,1.9518074083266117,1.3012049388844078,0.275,0.69343066,0.452380952,0.129032258,93.00444444444445,3.9036148166532234,3.53,4.102379467484229,3.797592763173994,-0.012577933259308338,"Kyle Muller",20167,666205
"Jose Trevino","NYY",0,0,0,1,0,1,0,9,0,0.4,0.33333333,0.6,0,55.46163705679086,18,39.55,6.126475763320923,8.937286642193794,-0.012626861222088337,"Jose Trevino",16725,624431
"Owen White","TEX",0,0,0,2,0,1,0,9,0,0.75,0.14285714,0.375,0,94.24082318474265,54,8.55,6.126475763320923,7.531881202757359,-0.014067440293729305,"Owen White",22273,669391
"Austin Voth","SEA",1,0,0,15,0,17.1,6.750000495177085,1.5576924219639428,1.0384616146426284,0.26,0.75581395,0.372549019,0.111111111,93.83001302083333,3.1153848439278855,3.95,3.99186044218978,3.951319934015122,-0.015431065112352371,"Austin Voth",15047,608723
"Parker Mushinski","HOU",0,0,0,3,0,4,4.500001072883862,6.750001609325793,0,0.375,0.22222222,0.333333333,0,91.71830919053819,11.250002682209654,6.04,4.376476061344218,6.133233279483322,-0.018534265458583832,"Parker Mushinski",21324,656786
"Justin Anderson","CHW",0,0,0,3,0,3.1,8.10000077247627,10.80000102996836,0,0.2222222222222222,0.66666667,0.333333333,0,96.7674560546875,5.40000051498418,4.29,4.926475934982317,7.03458429518185,-0.019401943311095238,"Justin Anderson",16201,605121
"Joey Estes","OAK",1,1,0,2,2,8.2,9.346154531783656,4.153846458570514,2.076923229285257,0.32,0.44642857,0.148148148,0.142857142,92.67208180147058,9.346154531783656,5.04,5.434168240304542,4.704438512015361,-0.020463181659579277,"Joey Estes",26257,683155
"Colin Selby","KCR",0,0,0,2,0,3,0,6,0,0.18181818181818182,0.25,0.636363636,0,94.88682972301136,6,2.63,5.126475763320924,6.53188120275736,-0.024103932082653046,"Colin Selby",24986,681882
"Isiah Kiner-Falefa","TOR",0,0,0,2,0,2,0,9,0,0.14285714285714285,0.66666667,0.285714285,0,67.8612060546875,4.5,5.81,6.126475763320923,8.937286642193794,-0.02416457235813141,"Isiah Kiner-Falefa",16512,643396
"Nick Burdi","NYY",1,0,0,9,0,6.2,10.800006437305473,9.450005632642288,0,0.14285714285714285,0.90909091,0.357142857,0,97.78315062163979,1.3500008046631842,3.39,4.7764767467981475,6.2521533377781955,-0.02939852513372898,"Nick Burdi",16074,595897
"Cody Bolton","SEA",0,0,0,13,0,15,7.20000091552746,4.200000534057685,1.20000015258791,0.2,0.70422535,0.38095238,0.117647058,95.29813929966518,4.200000534057685,3.48,4.659809291627697,4.519268771785006,-0.030730191618204117,"Cody Bolton",23265,675989
"Grant Anderson","TEX",0,1,0,7,0,5.2,12.705885916846196,6.352942958423098,1.5882357396057745,0.4444444444444444,0.3968254,0.368421052,0.142857142,92.94805353338069,14.29412165645197,3.53,5.244123416128622,4.686094684791964,-0.030732139945030212,"Grant Anderson",20546,681982
"José Leclerc","TEX",3,3,1,17,0,17.2,11.716982818744993,7.641510533964126,0.5094340355976084,0.30952380952380953,0.60810811,0.404761904,0.071428571,95.34299538352273,6.622642462768909,5.31,4.14534383451614,4.523212350350825,-0.031248103827238083,"Jose Leclerc",14524,600917
"Mitch White","TOR",1,0,0,4,0,10,5.40000051498418,3.6000003433227867,0.9000000858306967,0.2903225806451613,0.63492063,0.34375,0.083333333,94.32032518262987,5.40000051498418,7.06,4.426475887298596,4.81296245148055,-0.0335463248193264,"Mitch White",19225,669952
"Forrest Whitley","HOU",0,0,0,1,0,0.2,0,13.500014081612017,0,0.3333333333333333,1,0,0,98.07938929966518,0,29.06,12.126485151062269,14.23459550914738,-0.034267935901880264,"Forrest Whitley",19586,666215
"Jacob Waguespack","TBR",0,0,0,4,1,10,9.9,9,0.9,0.41379310344827586,0.74074074,0.5,0.125,94.10535803506541,5.4,6.59,5.226475763320924,5.050800114870071,-0.03432109206914902,"Jacob Waguespack",18318,621097
"Wes Parsons","- - -",0,0,0,4,0,9,7,2,2,0.2962962962962963,0.65217391,0.517241379,0.285714285,95.11398703835228,6,6.59,5.126475763320923,3.3306799939937064,-0.03588607907295227,"Wes Parsons",14764,641149
"Prelander Berroa","CHW",0,0,0,1,0,0.1,0,0,0,0,1,1,0,95.17949676513672,0,7.84,12.126485151062269,12.126485151062269,-0.038414619863033295,"Prelander Berroa",22932,672860
"Brock Burke","TEX",0,0,0,5,0,3,15.000004768373097,3.0000009536746197,3.0000009536746197,0.7272727272727273,0.625,0.333333333,0.2,95.01385356104652,15.000004768373097,7.02,6.126476716995542,4.1354851498037615,-0.0397319570183754,"Brock Burke",17968,656271
"Eduard Bazardo","SEA",0,0,0,3,0,5,10.8,5.4,1.8,0.18181818181818182,0.43478261,0.454545454,0.25,94.1448910361842,7.2,4.32,5.126475763320923,3.6508001148700715,-0.04138840734958649,"Eduard Bazardo",20997,660825
"Trevor Richards","TOR",0,0,0,18,0,19,9.473686112591816,3.7894744450367264,1.4210529168887724,0.11363636363636363,0.84745763,0.304347826,0.12,92.07782882940573,2.842105833777545,3.24,4.3370023221521,4.13358838583359,-0.04438067600131035,"Trevor Richards",19309,670950
"Tyler Holton","DET",3,0,0,15,0,21,7.285715609180924,1.285714519267222,1.285714519267222,0.18867924528301888,0.74324324,0.454545454,0.142857142,91.90627122961956,3.4285720513792586,3.29,4.2217140575115195,3.7699765577459647,-0.046194370836019516,"Tyler Holton",26231,663947
"Manuel Rodríguez","TBR",1,1,0,8,0,8,5.625000670552334,4.500000536441867,0,0.3448275862068966,0.625,0.571428571,0,96.44585418701172,3.3750004023314,3.69,4.126475882530227,5.356205788632336,-0.04913739487528801,"Manuel Rodriguez",20794,655889
"James McArthur","KCR",1,2,10,17,0,19.2,9.610170734233629,1.3728815334619469,1.8305087112825957,0.36363636363636365,0.76923077,0.508474576,0.235294117,,4.57627177820649,4.35,4.397662368378281,2.9684363769736923,-0.04937157407402992,"James McArthur",21527,663704
"Jason Adam","TBR",2,0,3,21,0,20,7.650000729560921,3.6000003433227867,0.9000000858306967,0.15217391304347827,0.92592593,0.416666666,0.1,95.57784148185483,1.350000128746045,4.72,4.226475868225108,4.3318813177137905,-0.049903009086847305,"Jason Adam",11861,592094
"Pedro Avila","CLE",0,1,0,6,0,11.2,9.257143361617135,2.314285840404284,1.5428572269361893,0.28125,0.81967213,0.411764705,0.2,94.2053485576923,3.857143067340473,5.85,4.326475828715736,3.302537578146761,-0.05262959375977516,"Pedro Avila",18864,658648
"Mike Baumann","BAL",1,0,0,17,0,18.1,7.854546816487193,4.418182584274047,0.9818183520608992,0.2962962962962963,0.75396825,0.464285714,0.095238095,96.4535987056903,3.436364232213147,3.27,4.435566899402122,4.62721316325988,-0.05294286832213402,"Mike Baumann",20206,657508
"Daniel Duarte","MIN",1,0,0,2,0,4,6.75,2.25,2.25,0.1,1,0.545454545,0.25,96.16897147042411,2.25,2.95,5.626475763320923,3.7818812027573587,-0.056451328098773956,"Daniel Duarte",17480,650960
"Shelby Miller","DET",3,4,0,15,0,16.1,8.265306765911085,3.306122706364434,1.1020409021214779,0.20454545454545456,0.61728395,0.413043478,0.1,93.20426643668831,4.4081636084859115,4.21,4.350965654567009,4.480033549639277,-0.05686410889029503,"Shelby Miller",10197,571946
"Michael Kopech","CHW",1,3,5,19,0,21.2,12.04615526007494,5.815385297967212,1.2461539924215455,0.2558139534883721,0.85820896,0.413043478,0.15,99.11100366449512,3.3230773131241214,3.48,4.60339901359831,4.100696283303982,-0.06680665910243988,"Michael Kopech",17282,656629
"José Suarez","LAA",0,0,0,12,0,23.1,10.414287133119737,6.171429412219104,1.157143014791082,0.36363636363636365,0.56372549,0.420289855,0.12,93.10409454528443,7.714286765273879,4.5,4.7979045624635965,4.632267510722092,-0.06871087849140167,"Jose Suarez",19911,660761
"Andrew Chafin","DET",2,1,0,16,0,14,9.000002452306052,4.500001226153026,1.285714636043722,0.25,0.78947368,0.236842105,0.095238095,92.04910438939145,3.8571439081311656,3.74,4.4836189902559624,4.734584360650396,-0.07577730715274811,"Andrew Chafin",12988,605177
"Aaron Hicks","LAA",0,0,0,1,0,1,0,9,9,0.25,0.625,0,0.25,66.51602511935764,18,22.67,19.126475763320922,11.748097521066665,-0.0760725662112236,"Aaron Hicks",5297,543305
"Dillon Tate","BAL",1,0,0,11,0,12.2,4.263158429692724,4.263158429692724,0.7105264049487873,0.17142857142857143,0.71428571,0.611111111,0.111111111,93.89016723632812,2.842105619795149,4.75,4.86331808652907,4.8355798426479515,-0.07884293794631958,"Dillon Tate",17796,622253
"Guillermo Zuñiga","LAA",0,0,1,4,0,5,3.6,7.2,1.8,0.1875,0.60606061,0.294117647,0.166666666,96.85436698717949,7.2,7.06,7.326475763320923,6.412962290644646,-0.0822288766503334,"Guillermo Zuniga",19588,670871
"Ben Rortvedt","TBR",0,0,0,1,0,2,4.5,9,4.5,0.2857142857142857,1,0.625,1,77.8719012920673,4.5,10.06,11.626475763320922,5.829178483039141,-0.08288213610649109,"Ben Rortvedt",20287,666163
"Jay Jackson","MIN",1,2,0,16,0,21.1,9.28125138301423,2.9531254400499822,1.6875002514571327,0.2727272727272727,0.53921569,0.33898305,0.16,91.85781602974397,5.9062508800999645,3.59,4.485850965883614,3.695310347423455,-0.0865011066198349,"Jay Jackson",7432,543351
"Jake Cousins","NYY",1,0,0,2,0,3,12,9,3,0.3333333333333333,0.71428571,0.1,0.142857142,95.65630340576172,3,9.47,7.79314242998759,6.739088455339274,-0.08681250363588333,"Jake Cousins",21620,664776
"Josh Rojas","SEA",0,0,0,2,0,2,0,9,4.5,0,0.625,0.166666666,0.25,76.57815372242646,9,11.22,12.626475763320922,8.937286642193794,-0.08702239394187927,"Josh Rojas",19734,668942
"Zach McKinstry","DET",0,0,0,1,0,0.1,0,27.000028163224034,27.000028163224034,0,0,0.5,1,62.2236083984375,54.00005632644807,996.93,51.12652583127476,16.342705867232493,-0.08866024762392044,"Zach McKinstry",19392,656716
"Jordan Romano","TOR",1,1,6,11,0,10.2,7.593750452622798,2.531250150874266,1.687500100582844,0.30303030303030304,0.75757576,0.285714285,0.133333333,96.5712354706555,5.062500301748532,6.23,5.001475875079638,4.540327246800526,-0.10186388343572617,"Jordan Romano",16122,605447
"Tim Mayza","TOR",0,1,0,20,0,13.1,8.100004248621309,4.72500247836243,1.3500007081035514,0.3333333333333333,0.59405941,0.34090909,0.111111111,89.8208999633789,6.750003540517756,5.81,4.851476668119905,4.798773983715435,-0.10312532633543015,"Tim Mayza",15042,641835
"Jonathan Hernández","TEX",1,0,0,6,0,8.1,5.400000823974735,10.80000164794947,0,0.2608695652173913,0.8125,0.695652173,0,,3.2400004943848413,5.45,5.5264761295319165,6.032422164930272,-0.11302150785923004,"Jonathan Hernandez",17464,642546
"Emerson Hancock","SEA",3,3,0,7,7,34.1,6.029126436886331,2.8834952524238977,1.5728155922312168,0.2641509433962264,0.58080808,0.330357142,0.130434782,93.7864284690367,5.242718640770723,5.88,5.28181564897111,4.892941368959367,-0.11412733793258667,"Emerson Hancock",27470,676106
"J.P. France","HOU",0,3,0,5,5,25.1,7.815789865985161,4.263158108719178,1.7763158786329911,0.32098765432098764,0.62162162,0.290697674,0.113636363,92.62080862226277,7.460526690258563,5.55,5.494896934831578,5.370074797061195,-0.11952585726976395,"J.P. France",21212,641585
"Chase Silseth","LAA",0,1,0,2,2,8,13.5,4.5,3.375,0.2631578947368421,0.64102564,0.238095238,0.3,94.17409261067708,6.75,5.88,6.501475763320923,3.3832325626164677,-0.11985433101654053,"Chase Silseth",30074,681217
"Chad Green","TOR",1,0,2,7,0,7.2,8.217391985801363,2.3478262816575324,2.3478262816575324,0.23529411764705882,1,0.421052631,0.2,95.27031620846519,2.3478262816575324,3.44,5.474302044978455,3.9161350976360847,-0.11998849362134933,"Chad Green",15552,643338
"Blair Henley","HOU",0,0,0,1,1,0.1,0,81.0000844896721,0,0.8,0.375,0.4,0,92.24776204427083,135.00014081612017,14.96,39.126513314286306,47.55895474662675,-0.1203540787100792,"Blair Henley",26190,668874
"Deivi García","CHW",1,2,1,14,0,14,9.642859770327915,7.0714304982404705,1.285714636043722,0.35,0.45454545,0.333333333,0.105263157,95.26309706289557,7.0714304982404705,4.41,5.197904899169142,5.248098009223699,-0.12537924945354462,"Deivi Garcia",20276,665620
"Chase Anderson","BOS",0,1,2,12,1,21.2,4.569230903309482,3.323077020588714,1.2461538827207677,0.21739130434782608,0.65789474,0.295774647,0.088235294,93.74895191192627,4.984615530883071,4.35,5.157245053680693,5.562650524384785,-0.1313268095254898,"Chase Anderson",6895,502624
"Alek Manoah","TOR",0,1,0,2,2,11,9.818181818181818,4.090909090909091,2.4545454545454546,0.2413793103448276,0.50847458,0.4375,0.3,93.703193359375,4.909090909090909,4.75,6.126475763320923,3.8586625264449554,-0.1334458291530609,"Alek Manoah",26410,666201
"Logan Allen","CLE",4,2,0,9,9,45.1,7.147059625407906,2.9779415105866276,1.7867649063519766,0.32116788321167883,0.71428571,0.427586206,0.155172413,91.1605233266844,5.558824153095038,4.5,5.24412305973808,4.461332872366826,-0.1341346800327301,"Logan Allen",27589,671106
"Alex Faedo","DET",3,1,0,15,0,26.1,7.5189882494513895,2.7341775452550507,1.3670887726275254,0.21739130434782608,0.8411215,0.388888888,0.153846153,93.84747062241736,2.7341775452550507,3.36,4.341665783434279,3.754597665425724,-0.13635005056858063,"Alex Faedo",19874,656412
"Matt Sauer","KCR",0,0,0,13,0,15.1,4.695652271263543,6.456521872987372,1.1739130678158858,0.3090909090909091,0.70921986,0.333333333,0.066666666,95.31773603723404,6.456521872987372,4.62,6.126475825517075,7.180529968006284,-0.14239439368247986,"Matt Sauer",22284,669422
"Bryan Shaw","CHW",0,1,0,5,0,4,9.00000429153647,9.00000429153647,2.2500010728841175,0.4666666666666667,0.66037736,0.25,0.125,,9.00000429153647,7.24,7.376477789879812,6.93728845933089,-0.15152966976165771,"Bryan Shaw",8110,543766
"Alex Wood","OAK",1,3,0,9,9,39.1,7.5508477017304925,4.347457767663011,1.372881400314635,0.36585365853658536,0.72072072,0.368,0.127659574,,5.262712034539434,6.35,5.262069052699244,4.958358593393939,-0.1517438292503357,"Alex Wood",13781,622072
"Matt Bowman","MIN",0,0,0,5,0,7.2,7.043478844972598,4.695652563315065,1.1739131408287662,0.05555555555555555,0.90909091,0.578947368,0.166666666,93.8125991821289,2.3478262816575324,4.78,5.604736838403873,5.00896713290454,-0.1536550521850586,"Matt Bowman",13528,621199
"Joely Rodríguez","BOS",0,1,0,11,0,11,9.000002340837566,1.6363640619704667,2.4545460929557,0.34285714285714286,0.390625,0.552631578,0.428571428,,6.545456247881867,4.78,5.217385398060964,2.5662790790772396,-0.16124004125595093,"Joely Rodriguez",11487,570257
"Bowden Francis","TOR",2,2,0,5,2,14.2,10.43181863402534,4.295454731657493,2.454545560947139,0.358974358974359,0.58823529,0.348837209,0.307692307,94.03341471354166,8.590909463314986,6.04,5.990112251092585,3.690357881810486,-0.17654424905776978,"Bowden Francis",20548,670102
"Jacob Lopez","TBR",0,0,0,3,0,5.1,3.375000201165688,8.43750050291422,1.687500100582844,0.11764705882352941,0.46511628,0.222222222,0.076923076,90.6374981219952,8.43750050291422,3.98,8.75147609859707,9.73965191612325,-0.17669010162353516,"Jacob Lopez",25098,682052
"Paolo Espino","TOR",0,0,0,2,0,4.2,3.8571433826369397,3.8571433826369397,3.8571433826369397,0.375,0.85365854,0.444444444,0.285714285,88.5471828294837,7.714286765273879,11.77,9.769333811195652,6.30601292708171,-0.1792442798614502,"Paolo Espino",8246,502179
"Chris Stratton","KCR",2,2,2,18,0,18.2,7.714286765273879,6.267857996785027,0.9642858456592349,0.22448979591836735,0.64655172,0.44,0.117647058,92.13848933995327,5.303572151125792,4.38,4.894333147029521,4.781398799701619,-0.19293077290058136,"Chris Stratton",13761,608717
"Tyler Beede","CLE",1,0,0,13,0,14,11.571429359669642,5.785714679834821,1.285714373296627,0.3888888888888889,0.55555556,0.432432432,0.166666666,94.23334817325367,8.357143426428074,4.53,4.983618746971606,4.331109079182715,-0.19568513333797455,"Tyler Beede",16981,595881
"Yennier Cano","BAL",2,1,2,22,0,21,7.714288516921458,3.857144258460729,1.285714752820243,0.2631578947368421,0.92105263,0.7,0.3,95.53739929199219,2.1428579213670718,3.9,4.555047710898972,3.3671451076316727,-0.22038714587688446,"Yennier Cano",25911,666974
"Tyler Alexander","TBR",2,2,0,9,6,47,7.085106382978723,2.297872340425532,1.9148936170212767,0.2536231884057971,0.70454545,0.303448275,0.14084507,89.24537264590232,5.170212765957447,4.75,5.1477523590656045,4.504854193107879,-0.22577430307865143,"Tyler Alexander",17735,641302
"Caleb Ferguson","NYY",0,3,1,19,0,15.2,10.914898710913766,4.595746825647902,1.723405059617963,0.275,0.53191489,0.395348837,0.176470588,94.07163373161765,5.744683532059877,5.7,4.913710639961774,3.949362900786535,-0.22661824524402618,"Caleb Ferguson",19349,657571
"Seth Martinez","HOU",2,2,1,19,0,24,5.625000894069814,3.3750005364418882,1.1250001788139627,0.22388059701492538,0.80645161,0.471428571,0.111111111,91.37286433995327,2.6250004172325796,3.64,4.876476041475977,4.832557153861247,-0.2346632480621338,"Seth Martinez",21045,661527
"Jonathan Heasley","BAL",0,1,0,3,0,4.1,8.307692917141027,2.076923229285257,4.153846458570514,0.42857142857142855,0.41666667,0.75,1,93.7677001953125,12.461539375711542,7.84,8.66493770808161,3.313585979864063,-0.23557516932487488,"Jonathan Heasley",22224,669169
"Will Smith","KCR",0,2,1,16,0,13.2,5.268293663265631,3.951220247449223,1.3170734158164077,0.28888888888888886,0.57291667,0.217391304,0.09090909,91.20408979668674,7.243903786990242,5.92,5.394768868338069,5.754689886601099,-0.23565569519996643,"Will Smith",8048,519293
"Carlos Carrasco","CLE",2,4,0,9,9,45.1,6.750000189332407,3.573529511999509,1.5882353386664485,0.2962962962962963,0.70934256,0.471830985,0.16,91.3795731707317,5.161764850665958,5.01,5.31029935398729,4.566261214848945,-0.23699279129505157,"Carlos Carrasco",6632,471911
"Isaiah Campbell","BOS",0,1,0,7,0,6.1,7.1052635145319645,2.8421054058127857,2.8421054058127857,0.375,0.29411765,0.538461538,0.4,93.54791618795956,12.789474326157537,6.07,6.6001601482032175,3.604427450023912,-0.2512126564979553,"Isaiah Campbell",25551,663462
"José Cisnero","LAA",0,0,0,14,0,14,10.28571638769076,4.500000919614707,2.57142909692269,0.34210526315789475,0.6185567,0.390243902,0.25,95.67117145497312,7.0714300165373984,6,6.269333548448655,4.161225048422668,-0.2522571086883545,"Jose Cisnero",6399,542585
"Steven Okert","MIN",0,0,1,17,0,14.1,10.046513856070288,5.023256928035144,1.8837213480131787,0.3076923076923077,0.85858586,0.268292682,0.157894736,92.89212134576613,3.7674426960263574,4.29,5.498569312670852,4.640618193271256,-0.2555316090583801,"Steven Okert",13580,595345
"Brandon Bielak","- - -",0,0,0,11,0,20,4.500000429153483,3.1500003004074384,1.8000001716613934,0.3150684931506849,0.75657895,0.363636363,0.133333333,92.57919141981337,5.850000557899528,5.85,6.076476044654873,5.58458415689906,-0.2580188475549221,"Brandon Bielak",19866,656232
"Nick Anderson","KCR",2,1,0,17,0,15.1,4.695652855366624,5.282609462287452,1.173913213841656,0.3269230769230769,0.80152672,0.407407407,0.111111111,94.0255288178066,4.695652855366624,6.15,5.735171794080158,5.689343390246027,-0.2651524841785431,"Nick Anderson",18337,623433
"Hunter Brown","HOU",1,4,0,9,8,37.1,9.883928908073184,5.062500172427728,1.9285714942581822,0.39814814814814814,0.64724919,0.474137931,0.228571428,95.54577747356495,7.714285977032729,4.59,5.48361870074759,4.015471964500183,-0.2713240459561348,"Hunter Brown",25880,686613
"Matt Moore","LAA",0,1,0,18,0,16.2,8.640001318359577,4.320000659179788,2.160000329589894,0.2765957446808511,0.6372549,0.352941176,0.153846153,93.3936082793445,7.020001071167155,3.98,5.946476193618841,5.018908537604088,-0.2730831503868103,"Matt Moore",1890,519043
"Bryan Abreu","HOU",1,1,0,21,0,22,12.681819281302303,5.3181822792558044,1.6363637782325553,0.29545454545454547,0.91549296,0.375,0.19047619,96.66796875,3.2727275564651106,3.95,4.990112288530222,3.967999210286548,-0.2734476625919342,"Bryan Abreu",16609,650556
"Rafael Montero","HOU",0,1,0,21,0,20.2,5.661291019229399,2.1774196227805382,1.3064517736683228,0.21428571428571427,0.85106383,0.491525423,0.2,95.63181640625,3.0483874718927533,4.24,4.91679856427381,4.049754018461144,-0.2821193039417267,"Rafael Montero",12760,606160
"Jack Leiter","TEX",0,1,0,3,3,9.1,6.750000919614645,5.7857150739554095,2.8928575369777048,0.40540540540540543,0.32110092,0.325,0.166666666,95.75053943452382,16.392859376206996,9.08,8.376476478576759,6.908329626042177,-0.2966797649860382,"Jack Leiter",30146,683004
"Jonathan Bowlan","KCR",0,1,0,1,1,2.2,10.125002413988689,10.125002413988689,10.125002413988689,0.375,1,0.363636363,0.6,95.559033203125,13.500003218651585,6.31,18.87647951841444,6.886611858750545,-0.3029666244983673,"Jonathan Bowlan",24607,680742
"Génesis Cabrera","TOR",1,1,0,18,0,15.2,6.319150731271586,5.170214234676752,1.7234047448922507,0.3584905660377358,0.67164179,0.425925925,0.166666666,95.75708879743304,5.170214234676752,4.69,5.934987199441628,5.060346392034242,-0.3195207118988037,"Genesis Cabrera",17490,650893
"Victor González","NYY",2,1,2,16,0,13.2,2.6341468316328154,5.268293663265631,1.3170734158164077,0.12195121951219512,0.81967213,0.558139534,0.125,,2.6341468316328154,4.88,6.199647066892541,5.942560704247068,-0.3427194356918335,"Victor Gonzalez",16408,624647
"Austin Pruitt","TEX",0,0,0,4,0,4.1,2.076923686371931,6.230771059115794,6.230771059115794,0.29411764705882354,0.73529412,0.25,0.375,91.88704612038352,12.461542118231588,24.92,13.74186349366635,7.336456271495968,-0.3595704734325409,"Austin Pruitt",15290,643493
"Steven Wilson","CHW",1,2,0,20,0,18,9.000002861023859,7.000002225240779,2.0000006357830795,0.12195121951219512,0.86956522,0.25,0.153846153,93.35215009269068,3.0000009536746197,4.12,6.515365729508919,5.656506646782043,-0.40047669410705566,"Steven Wilson",20353,621051
"Chris Devenski","TBR",1,1,0,9,0,14,7.071429053131448,3.8571431198898805,3.214285933241567,0.30434782608695654,0.44444444,0.274509803,0.178571428,93.07696823846726,7.714286239779761,5.38,7.483618917270603,5.651572528488075,-0.40104299783706665,"Chris Devenski",12763,606965
"Kenta Maeda","DET",1,1,0,7,7,30.2,6.7500005597654065,2.9347828520719155,2.641304566864724,0.26373626373626374,0.60509554,0.363636363,0.209302325,90.04933763586956,6.7500005597654065,5.24,6.517780392381804,4.673185692535711,-0.405511736869812,"Kenta Maeda",18498,628317
"Erik Swanson","TOR",1,2,0,12,0,9.1,5.7857150739554095,2.8928575369777048,3.8571433826369397,0.34285714285714286,0.44776119,0.461538461,0.333333333,93.44577136671687,12.535715993570054,10,8.376476478576759,4.611997244982581,-0.4206468462944031,"Erik Swanson",16587,657024
"Colin Poche","TBR",0,1,2,10,0,9.1,5.7857150739554095,2.8928575369777048,2.8928575369777048,0.3,0.74074074,0.242424242,0.2,91.32746787383178,6.750000919614645,7.94,6.983619145957863,5.063734769202932,-0.43049803376197815,"Colin Poche",19403,621363
"Phil Maton","TBR",0,2,1,20,0,16.2,7.560001153564629,4.860000741577261,1.6200002471924206,0.22727272727272727,0.68807339,0.44680851,0.157894736,,5.400000823974735,6.47,6.126476221084665,5.388638309457071,-0.436768501996994,"Phil Maton",18064,664208
"Erasmo Ramírez","TBR",2,0,1,8,0,13,5.538462351059891,4.1538467632949185,2.0769233816474593,0.16216216216216217,0.59322034,0.4,0.15,92.38237762451172,4.846154557177405,4.29,6.511091644524191,5.673253736114939,-0.4410195052623749,"Erasmo Ramirez",10314,541640
"Louie Varland","MIN",0,4,0,4,4,16.2,9.720000370788588,4.860000185394294,3.240000123596196,0.40384615384615385,0.64189189,0.465517241,0.352941176,95.91034715695488,9.180000350189223,8.04,7.626475934982307,4.379989359363837,-0.4757499396800995,"Louie Varland",27691,686973
"Dominic Leone","CHW",0,1,0,17,0,14.2,8.590910580532869,6.750001170418682,2.454545880152248,0.2631578947368421,0.56701031,0.487804878,0.307692307,94.70517113095238,6.750001170418682,5.52,7.012840073561982,4.71308540520483,-0.47783157229423523,"Dominic Leone",13763,608678
"Dany Jiménez","OAK",1,1,0,15,0,14.2,6.750001170418682,7.977274110494807,1.840909410114186,0.15384615384615385,0.74468085,0.365853658,0.125,92.62474568684895,3.681818820228372,4.38,7.149203733570441,6.789867117613681,-0.4791698157787323,"Dany Jimenez",21170,666204
"Yerry Rodríguez","TEX",0,0,0,10,0,13.2,5.9268299575933545,5.2682932956385375,3.2926833097740857,0.225,0.75,0.355555555,0.238095238,96.68287919207317,7.243903281502989,6.15,8.541110539393864,5.944538107761505,-0.5402936339378357,"Yerry Rodriguez",21955,666720
"Michael Soroka","CHW",0,5,0,9,9,43.2,4.946565173582422,4.946565173582422,2.061068822326009,0.23880597014925373,0.64150943,0.468531468,0.192307692,92.6546863374256,6.389313349210629,6.19,6.721895820045184,5.4184090918564,-0.5413640737533569,"Michael Soroka",18383,647336